"","site","A","B","C","D","E","F","G","H","I","J","K","L","M","N","P","patch","height"
"1","A1-1",13.5,5.625,NA,NA,NA,NA,NA,NA,NA,NA,NA,NA,NA,NA,NA,"A","L"
"2","A1-2",6.25,0.25,13.8125,0.3125,NA,NA,NA,NA,NA,NA,NA,NA,NA,NA,NA,"A","H"
"3","A2-1",12.8125,NA,NA,NA,23.5,13.5625,40.25,NA,NA,NA,NA,NA,NA,NA,NA,"A","L"
"4","A2-2",21.4375,NA,NA,NA,12.75,3.75,7.375,12.0625,NA,NA,NA,NA,NA,NA,NA,"A","H"
"5","A3-1",2.5,2.5,NA,NA,3.875,15.625,NA,40.625,4.375,NA,NA,NA,NA,NA,NA,"A","L"
"6","A3-2",45.625,0.0625,NA,NA,10,NA,NA,NA,0.1875,NA,NA,NA,NA,NA,NA,"A","H"
"7","A4-1",0.625,21.9375,0.0625,NA,NA,26,NA,NA,NA,NA,NA,NA,NA,NA,NA,"A","L"
"8","A4-2",9.125,31.5625,NA,NA,0.1875,NA,NA,NA,NA,3.3125,NA,NA,NA,NA,NA,"A","H"
"9","A6-1",NA,48.0625,NA,NA,NA,34.375,NA,NA,NA,NA,NA,NA,NA,NA,NA,"A","L"
"10","A6-2",NA,54.9375,NA,NA,NA,27.5625,NA,NA,NA,NA,NA,NA,NA,NA,NA,"A","H"
"11","A7-1",NA,0.9375,NA,NA,NA,NA,NA,NA,NA,NA,NA,NA,NA,NA,NA,"A","L"
"12","A7-2",NA,33.875,NA,NA,0.5625,NA,NA,NA,NA,NA,NA,NA,NA,NA,NA,"A","H"
"13","A8-1",NA,3.125,NA,NA,56.4375,NA,NA,NA,NA,NA,NA,NA,NA,NA,NA,"A","L"
"14","A8-2",NA,17.75,7.1875,NA,NA,NA,NA,NA,NA,NA,NA,NA,NA,NA,NA,"A","H"
"15","A9-1",NA,12.1875,0.1875,NA,NA,NA,NA,NA,NA,NA,0.8125,NA,NA,NA,NA,"A","L"
"16","A9-2",NA,33.125,0.0625,NA,NA,NA,NA,NA,NA,NA,0.625,NA,NA,NA,NA,"A","H"
"17","B1-1",2,6.625,10.1875,NA,NA,NA,NA,NA,NA,NA,NA,NA,NA,NA,NA,"B","L"
"18","B1-2",0.0625,47.1875,NA,NA,NA,NA,NA,NA,NA,NA,NA,NA,NA,NA,NA,"B","H"
"19","B10-1",NA,NA,NA,1.625,NA,NA,0.125,NA,NA,NA,NA,NA,NA,NA,NA,"B","L"
"20","B10-2",0.0625,NA,4.0625,4.125,0.0625,NA,NA,NA,NA,NA,NA,NA,NA,NA,NA,"B","H"
"21","B2-1",14.25,NA,36.6875,NA,6.6875,19.5625,NA,NA,NA,NA,NA,NA,NA,NA,NA,"B","L"
"22","B2-2",19.375,NA,39.0625,NA,21.25,4.9375,NA,NA,NA,NA,NA,NA,NA,NA,NA,"B","H"
"23","B3-1",NA,NA,38.875,1.25,NA,NA,NA,7.5,28.25,NA,NA,NA,NA,NA,NA,"B","L"
"24","B3-2",NA,NA,15.125,6.9375,NA,NA,NA,6.25,35,NA,NA,NA,NA,NA,NA,"B","H"
"25","B4-1",NA,NA,NA,54.625,NA,NA,NA,NA,NA,NA,NA,NA,NA,NA,NA,"B","L"
"26","B4-2",NA,NA,NA,59.875,NA,NA,NA,NA,NA,NA,NA,NA,NA,NA,NA,"B","H"
"27","B5-1",NA,NA,NA,8,NA,NA,NA,NA,NA,NA,NA,NA,NA,NA,NA,"B","L"
"28","B5-2",NA,NA,NA,7.125,NA,NA,NA,NA,NA,NA,NA,NA,NA,NA,NA,"B","H"
"29","B6-1",NA,NA,9.1875,1.3125,NA,NA,0.125,NA,NA,84.6875,NA,NA,NA,NA,NA,"B","L"
"30","B6-2",NA,NA,31.5625,56.9375,NA,NA,NA,NA,NA,NA,NA,NA,NA,NA,NA,"B","H"
"31","B7-1",NA,5.625,9.1875,68.625,NA,NA,NA,5,NA,NA,NA,NA,NA,NA,NA,"B","L"
"32","B7-2",NA,NA,13.1875,63.5,NA,NA,NA,0.625,NA,NA,NA,NA,NA,NA,NA,"B","H"
"33","B9-1",NA,NA,NA,95.9375,NA,NA,NA,NA,NA,NA,NA,NA,NA,NA,NA,"B","L"
"34","B9-2",NA,NA,NA,19.375,NA,NA,NA,NA,NA,NA,NA,NA,NA,NA,NA,"B","H"
"35","C1-1",NA,NA,NA,NA,NA,NA,NA,NA,NA,12.9375,NA,NA,NA,NA,NA,"C","L"
"36","C10-1",NA,NA,94.1875,0,NA,NA,NA,NA,NA,5.125,NA,NA,NA,NA,NA,"C","L"
"37","C10-2",NA,NA,NA,84,NA,NA,NA,NA,0.0625,0.125,NA,NA,NA,NA,NA,"C","H"
"38","C2-1",NA,NA,NA,92,NA,NA,NA,NA,NA,0.25,0.25,NA,NA,NA,NA,"C","L"
"39","C2-2",NA,NA,NA,63.4375,NA,NA,NA,NA,2.9375,NA,NA,NA,NA,NA,NA,"C","H"
"40","C3-2",NA,NA,NA,15.25,NA,NA,NA,NA,2.6875,NA,NA,NA,NA,NA,NA,"C","H"
"41","C4-1",NA,NA,NA,40.9375,NA,NA,NA,NA,NA,NA,NA,NA,NA,NA,NA,"C","L"
"42","C4-2",NA,NA,NA,86.0625,NA,NA,NA,NA,NA,NA,NA,NA,NA,NA,NA,"C","H"
"43","C5-1",NA,NA,14.5625,45.4375,8.75,7.1875,NA,NA,8.75,NA,NA,NA,NA,NA,NA,"C","L"
"44","C5-2",1.5625,NA,NA,31.5625,NA,2.25,NA,NA,12.8125,NA,NA,NA,NA,NA,NA,"C","H"
"45","C6-1",NA,NA,NA,11.9375,NA,NA,36.25,NA,NA,NA,NA,NA,NA,NA,NA,"C","L"
"46","C6-2",NA,NA,1.875,14.375,NA,0.3125,4.75,NA,NA,NA,NA,NA,NA,NA,NA,"C","H"
"47","C7-1",NA,NA,NA,11.25,NA,0.9375,11,NA,NA,NA,NA,NA,NA,NA,NA,"C","L"
"48","C7-2",NA,NA,7.1875,59,NA,NA,NA,NA,NA,NA,NA,NA,NA,NA,NA,"C","H"
"49","C8-1",NA,NA,NA,5.5,NA,NA,NA,NA,NA,6,NA,NA,NA,NA,NA,"C","L"
"50","C8-2",NA,NA,NA,23.3125,NA,NA,3.3125,NA,NA,NA,60.125,NA,NA,NA,NA,"C","H"
"51","C9-1",NA,NA,NA,59.6875,NA,NA,NA,NA,NA,4.6875,1.25,NA,NA,NA,NA,"C","L"
"52","C9-2",NA,NA,NA,69.625,NA,NA,NA,0.0625,1.0625,NA,NA,NA,NA,NA,NA,"C","H"
"53","D1-1",NA,0.625,NA,1.25,NA,NA,2.625,NA,NA,34.375,38.375,NA,NA,NA,NA,"D","L"
"54","D1-2",NA,NA,5,53.75,NA,2.1875,NA,NA,1.875,NA,NA,NA,NA,NA,NA,"D","H"
"55","D10-1",NA,NA,NA,21.25,NA,NA,21.375,NA,NA,NA,NA,NA,NA,NA,NA,"D","L"
"56","D10-2",NA,NA,NA,5.125,NA,14.8125,NA,NA,NA,NA,NA,NA,NA,NA,NA,"D","H"
"57","D2-1",NA,NA,47.875,9.5,NA,0.125,NA,NA,NA,NA,8.4375,NA,NA,NA,NA,"D","L"
"58","D2-2",NA,NA,NA,53.75,NA,8.1875,NA,NA,NA,NA,NA,NA,NA,NA,NA,"D","H"
"59","D3-1",NA,NA,19.125,40.125,NA,0.1875,NA,NA,NA,NA,NA,NA,NA,NA,NA,"D","L"
"60","D3-2",NA,NA,NA,4.3125,NA,40.3125,NA,NA,NA,NA,NA,NA,NA,NA,NA,"D","H"
"61","D4-1",NA,NA,NA,20.375,NA,NA,23.125,NA,NA,NA,20.3125,NA,NA,NA,NA,"D","L"
"62","D4-2",NA,NA,NA,24.6875,NA,0.625,NA,NA,NA,NA,38.75,NA,NA,NA,NA,"D","H"
"63","D5-1",NA,NA,NA,53.125,NA,NA,NA,NA,NA,NA,25.9375,NA,NA,NA,NA,"D","L"
"64","D5-2",NA,NA,3.875,66.5625,NA,3.1875,NA,NA,3.4375,NA,NA,NA,NA,NA,NA,"D","H"
"65","D6-1",NA,NA,NA,23.125,NA,NA,0.375,NA,NA,2.0625,NA,NA,NA,NA,NA,"D","L"
"66","D6-2",NA,NA,0.3125,4.1875,NA,NA,NA,NA,NA,NA,NA,NA,NA,NA,NA,"D","H"
"67","D7-1",NA,0.0625,NA,38.4375,NA,NA,NA,NA,NA,NA,2,NA,NA,NA,NA,"D","L"
"68","D7-2",NA,NA,NA,59.6875,NA,NA,1.0625,NA,NA,NA,5.9375,NA,NA,NA,NA,"D","H"
"69","D8-1",NA,NA,NA,1.875,NA,NA,NA,NA,NA,NA,NA,NA,NA,NA,NA,"D","L"
"70","D8-2",NA,NA,NA,19,NA,2.5625,NA,NA,NA,NA,NA,NA,NA,NA,NA,"D","H"
"71","D9-1",6.375,NA,12.125,NA,NA,0.0625,0.3125,NA,NA,NA,NA,NA,NA,NA,NA,"D","L"
"72","D9-2",16.5625,NA,NA,0.625,0.0625,0.0625,1.5625,NA,NA,NA,NA,NA,NA,NA,NA,"D","H"
"73","E1-1",NA,NA,NA,67.9375,NA,3.6875,1.5625,NA,NA,NA,NA,NA,NA,0.0625,NA,"E","L"
"74","E1-2",NA,NA,NA,23.125,NA,0.0625,NA,NA,NA,NA,NA,NA,NA,NA,NA,"E","H"
"75","E10-1",NA,NA,22.875,49.25,NA,3.1875,NA,NA,NA,NA,NA,NA,NA,NA,NA,"E","L"
"76","E10-2",NA,NA,NA,13.125,NA,29.625,NA,NA,NA,NA,NA,NA,NA,NA,NA,"E","H"
"77","E2-1",NA,NA,NA,10.3125,NA,NA,NA,NA,NA,NA,NA,NA,NA,NA,NA,"E","L"
"78","E2-2",NA,NA,NA,9.875,NA,NA,NA,NA,NA,NA,NA,NA,NA,NA,NA,"E","H"
"79","E3-1",NA,NA,0.0625,0.0625,NA,0.3125,19.1875,NA,NA,14.6875,NA,NA,1.9375,NA,NA,"E","L"
"80","E3-2",NA,NA,3.75,37.8125,NA,NA,NA,NA,3.4375,NA,NA,NA,0.0625,NA,NA,"E","H"
"81","E4-1",NA,NA,NA,5.625,NA,0.125,46.875,NA,NA,NA,NA,NA,NA,NA,NA,"E","L"
"82","E4-2",NA,NA,NA,49.0625,NA,13.125,NA,NA,NA,NA,NA,NA,NA,NA,NA,"E","H"
"83","E5-1",NA,NA,4.375,0.9375,NA,0.375,27.3125,NA,NA,NA,NA,NA,0.3125,35.8125,NA,"E","L"
"84","E5-2",NA,NA,NA,2.5,NA,16.25,NA,NA,NA,NA,NA,NA,NA,NA,NA,"E","H"
"85","E6-1",NA,NA,NA,3.5,NA,10.5,20.0625,NA,NA,NA,2.625,NA,NA,20.9375,NA,"E","L"
"86","E6-2",NA,NA,NA,NA,NA,3.1875,4.0625,NA,NA,NA,NA,NA,NA,NA,NA,"E","H"
"87","E7-1",NA,NA,NA,2.5625,NA,4,NA,NA,NA,NA,NA,NA,NA,NA,NA,"E","L"
"88","E7-2",NA,NA,2.5,26,NA,NA,NA,NA,NA,NA,NA,NA,NA,NA,NA,"E","H"
"89","E8-2",NA,NA,6.5625,14.75,NA,0.3125,NA,NA,NA,NA,NA,NA,NA,NA,NA,"E","H"
"90","E9-2",NA,NA,NA,35.9375,NA,22.25,NA,NA,NA,NA,NA,NA,NA,NA,NA,"E","H"
"91","F1-1",NA,NA,NA,3.125,NA,30,NA,NA,NA,NA,NA,NA,NA,NA,NA,"F","L"
"92","F1-2",NA,NA,NA,7.5625,NA,6.625,NA,NA,NA,NA,NA,NA,NA,NA,NA,"F","H"
"93","F10-1",NA,NA,NA,18.4375,NA,NA,NA,NA,NA,NA,NA,NA,NA,NA,NA,"F","L"
"94","F10-2",NA,NA,NA,5.1875,NA,NA,NA,NA,NA,NA,NA,NA,NA,NA,NA,"F","H"
"95","F2-1",NA,NA,NA,5.75,NA,11.75,NA,NA,NA,6.875,NA,NA,NA,NA,NA,"F","L"
"96","F2-2",NA,NA,NA,9.375,NA,11.75,NA,NA,NA,NA,NA,NA,NA,NA,NA,"F","H"
"97","F3-1",NA,NA,NA,40,NA,11,NA,NA,NA,NA,NA,NA,NA,NA,NA,"F","L"
"98","F3-2",NA,NA,NA,4.6875,NA,28.75,NA,NA,NA,NA,NA,0.3125,NA,NA,NA,"F","H"
"99","F4-1",NA,NA,NA,19.0625,NA,NA,NA,NA,NA,NA,NA,NA,NA,NA,NA,"F","L"
"100","F4-2",NA,NA,NA,16.25,NA,NA,NA,NA,NA,NA,NA,NA,NA,NA,NA,"F","H"
"101","F5-1",NA,NA,NA,54.6875,NA,23.75,NA,NA,NA,NA,NA,NA,NA,NA,NA,"F","L"
"102","F5-2",NA,NA,NA,36.25,NA,36.25,NA,NA,NA,NA,NA,NA,NA,NA,NA,"F","H"
"103","F6-1",NA,NA,NA,11.3125,NA,36.25,NA,NA,0.625,NA,NA,NA,NA,NA,NA,"F","L"
"104","F6-2",NA,NA,NA,9.0625,NA,18.75,NA,NA,0.3125,NA,NA,NA,NA,NA,NA,"F","H"
"105","F7-1",NA,NA,NA,0.75,NA,2.6875,NA,NA,NA,NA,NA,NA,NA,NA,NA,"F","L"
"106","F7-2",NA,NA,NA,1.875,NA,7.0625,NA,NA,NA,NA,NA,NA,NA,NA,NA,"F","H"
"107","F8-1",NA,NA,NA,6.0625,NA,NA,NA,NA,0.9375,5.9375,NA,NA,NA,NA,NA,"F","L"
"108","F8-2",NA,NA,NA,20.625,NA,NA,NA,NA,NA,NA,NA,NA,NA,NA,NA,"F","H"
"109","F9-1",NA,NA,NA,9,NA,16.3125,NA,NA,NA,16.125,NA,0.0625,NA,NA,NA,"F","L"
"110","F9-2",NA,NA,NA,NA,NA,14,NA,NA,NA,NA,NA,NA,NA,NA,NA,"F","H"
"111","G1-1",NA,NA,NA,3.8125,NA,42.8125,NA,NA,NA,NA,NA,NA,NA,NA,NA,"G","L"
"112","G1-2",1.25,NA,NA,18.625,NA,6.1875,NA,NA,NA,NA,NA,NA,0.625,NA,NA,"G","H"
"113","G10-1",NA,NA,NA,49.375,NA,NA,NA,NA,0.0625,NA,NA,NA,NA,NA,NA,"G","L"
"114","G10-2",NA,NA,NA,30,NA,2.625,NA,NA,0.625,NA,NA,NA,NA,NA,NA,"G","H"
"115","G2-1",43.125,NA,6.3125,0.5,NA,NA,NA,NA,NA,36.5625,0.375,NA,NA,NA,NA,"G","L"
"116","G2-2",0.9375,NA,87.125,3.75,NA,0.1875,NA,NA,NA,NA,NA,NA,NA,NA,NA,"G","H"
"117","G3-1",NA,NA,30.3125,6.25,NA,NA,NA,NA,NA,16.4375,NA,NA,9.6875,NA,NA,"G","L"
"118","G3-2",NA,NA,NA,31.25,NA,1.9375,NA,NA,NA,NA,NA,NA,NA,NA,NA,"G","H"
"119","G4-1",NA,NA,NA,30.3125,NA,0.125,NA,NA,5,8.125,NA,NA,NA,NA,NA,"G","L"
"120","G4-2",NA,NA,NA,43.125,NA,0.125,NA,NA,NA,NA,NA,NA,NA,NA,NA,"G","H"
"121","G5-1",NA,NA,NA,69.375,NA,8.5625,NA,NA,2.9375,NA,NA,NA,NA,NA,NA,"G","L"
"122","G5-2",NA,NA,NA,55,NA,16.875,NA,NA,10,NA,NA,NA,NA,NA,NA,"G","H"
"123","G6-1",NA,NA,NA,46.25,NA,NA,NA,NA,NA,NA,NA,NA,NA,NA,NA,"G","L"
"124","G6-2",NA,NA,NA,0.0625,NA,11.125,NA,NA,NA,NA,NA,NA,NA,NA,NA,"G","H"
"125","G7-1",NA,NA,NA,79.9375,NA,NA,NA,NA,NA,16,3.125,NA,NA,NA,NA,"G","L"
"126","G7-2",9.6875,NA,4.0625,45,NA,NA,NA,NA,NA,NA,NA,NA,NA,NA,NA,"G","H"
"127","G8-1",NA,NA,NA,5.625,NA,57.5,NA,NA,0.3125,NA,NA,NA,NA,NA,NA,"G","L"
"128","G8-2",NA,NA,NA,67.5625,NA,2.3125,NA,NA,7.3125,NA,NA,NA,NA,NA,NA,"G","H"
"129","G9-1",7.5,NA,27.1875,5.9375,NA,0.0625,NA,NA,NA,18.4375,NA,NA,5.6875,NA,NA,"G","L"
"130","G9-2",NA,NA,NA,14.6875,NA,7.5,NA,NA,NA,NA,NA,NA,NA,NA,NA,"G","H"
"131","H1-1",NA,NA,1.875,17.8125,NA,NA,NA,NA,NA,NA,6.4375,NA,0.3125,0.375,NA,"H","L"
"132","H1-2",NA,NA,2.5625,59.6875,NA,2.1875,NA,NA,NA,NA,NA,NA,NA,NA,NA,"H","H"
"133","H10-1",NA,NA,NA,NA,NA,73.125,NA,NA,NA,NA,NA,NA,NA,NA,NA,"H","L"
"134","H10-2",NA,NA,NA,NA,NA,57.1875,NA,NA,NA,NA,NA,NA,NA,NA,NA,"H","H"
"135","H2-1",NA,NA,NA,4.1875,NA,0.625,43.75,NA,3.125,10.625,NA,NA,NA,1.9375,NA,"H","L"
"136","H2-2",NA,NA,NA,2.8125,NA,3.25,NA,NA,0.125,NA,NA,2.8125,NA,NA,NA,"H","H"
"137","H3-1",NA,NA,NA,40.9375,NA,NA,NA,NA,NA,NA,NA,NA,NA,0.0625,NA,"H","L"
"138","H3-2",NA,NA,NA,23.5,NA,0.0625,NA,NA,NA,NA,NA,NA,NA,NA,NA,"H","H"
"139","H4-1",NA,NA,0.75,90.1875,NA,NA,NA,NA,1,NA,NA,NA,NA,NA,NA,"H","L"
"140","H4-2",NA,NA,24.0625,41.25,NA,1.5625,NA,NA,2.5,NA,3.75,NA,NA,NA,NA,"H","H"
"141","H5-1",NA,NA,NA,80.625,NA,NA,NA,NA,0.625,NA,NA,NA,NA,NA,NA,"H","L"
"142","H5-2",NA,NA,13.75,41.25,NA,NA,NA,NA,3.125,NA,NA,NA,NA,NA,NA,"H","H"
"143","H6-1",NA,NA,0.3125,2.1875,NA,NA,NA,NA,1.3125,NA,NA,NA,0.0625,31.25,NA,"H","L"
"144","H6-2",NA,NA,NA,2.875,NA,NA,NA,NA,NA,NA,NA,NA,NA,NA,NA,"H","H"
"145","H7-1",NA,NA,NA,12,NA,0.6875,NA,NA,NA,NA,46.5,NA,NA,2.25,NA,"H","L"
"146","H7-2",NA,NA,NA,51.0625,NA,7.1875,NA,0.3125,NA,NA,28.4375,NA,NA,NA,NA,"H","H"
"147","H8-1",NA,NA,NA,0.5,NA,NA,NA,NA,0.0625,NA,NA,NA,NA,NA,NA,"H","L"
"148","H8-2",NA,NA,NA,37.5,NA,4.6875,NA,NA,21.75,NA,NA,NA,NA,NA,NA,"H","H"
"149","H9-1",NA,NA,77.375,NA,NA,NA,3.5625,NA,NA,NA,NA,NA,NA,NA,NA,"H","L"
"150","H9-2",NA,NA,33.4375,3.125,NA,14.6875,NA,NA,14.375,NA,NA,NA,NA,NA,NA,"H","H"
"151","I1-1",NA,NA,NA,55,NA,3.125,NA,NA,NA,NA,NA,NA,NA,NA,NA,"I","L"
"152","I1-2",0.0625,NA,1.5625,19.4375,NA,4.5,NA,NA,1.375,NA,NA,NA,NA,NA,NA,"I","H"
"153","I10-1",NA,NA,NA,7.8125,NA,18.8125,NA,NA,NA,NA,NA,NA,NA,NA,NA,"I","L"
"154","I10-2",NA,NA,NA,5.9375,NA,17.1875,NA,NA,NA,NA,NA,NA,NA,NA,NA,"I","H"
"155","I2-1",8.8125,NA,NA,18.4375,NA,0.4375,NA,NA,0.0625,65.4375,NA,NA,NA,NA,NA,"I","L"
"156","I2-2",NA,NA,NA,28.125,NA,33.4375,NA,NA,18.75,NA,NA,0.3125,NA,NA,NA,"I","H"
"157","I3-1",NA,NA,0.3125,24.375,NA,NA,NA,NA,0.0625,NA,NA,NA,8.4375,0.125,NA,"I","L"
"158","I3-2",NA,NA,67.5,10,NA,16.25,NA,NA,NA,NA,NA,NA,NA,NA,NA,"I","H"
"159","I4-1",NA,NA,NA,64.5625,NA,12.3125,NA,NA,NA,NA,NA,NA,NA,NA,NA,"I","L"
"160","I4-2",NA,NA,NA,78.6875,NA,6.3125,NA,NA,NA,NA,NA,NA,NA,NA,NA,"I","H"
"161","I5-1",NA,NA,0.0625,9.6875,NA,4.0625,NA,NA,NA,40.0625,NA,NA,0.3125,NA,NA,"I","L"
"162","I5-2",NA,NA,NA,NA,NA,6.125,NA,NA,NA,NA,NA,NA,NA,NA,NA,"I","H"
"163","I6-1",NA,NA,NA,21.625,NA,8.125,NA,NA,NA,NA,NA,NA,NA,NA,NA,"I","L"
"164","I6-2",NA,NA,NA,10.625,NA,53.4375,NA,NA,0.3125,NA,NA,NA,NA,NA,NA,"I","H"
"165","I7-1",12.3125,NA,30.6875,10.3125,NA,NA,NA,NA,NA,39.625,NA,NA,NA,NA,NA,"I","L"
"166","I7-2",NA,NA,NA,14.6875,NA,1.0625,NA,NA,33.4375,NA,NA,NA,0.625,NA,NA,"I","H"
"167","I8-1",NA,NA,NA,NA,NA,71.5625,NA,NA,NA,NA,NA,NA,NA,NA,NA,"I","L"
"168","I8-2",NA,NA,NA,28.1875,NA,NA,NA,NA,0.3125,NA,NA,NA,NA,NA,NA,"I","H"
"169","I9-1",NA,NA,NA,NA,NA,89.0625,NA,NA,NA,NA,NA,NA,NA,NA,NA,"I","L"
"170","I9-2",NA,NA,NA,3.4375,NA,NA,NA,NA,NA,NA,NA,NA,NA,NA,NA,"I","H"
"171","J1-1",NA,NA,NA,NA,NA,43.125,NA,NA,NA,NA,NA,NA,NA,NA,NA,"J","L"
"172","J1-2",NA,NA,NA,13,NA,27.1875,NA,NA,NA,NA,NA,NA,NA,NA,NA,"J","H"
"173","J10-1",NA,NA,NA,24.0625,NA,0.3125,NA,NA,NA,NA,NA,NA,NA,NA,NA,"J","L"
"174","J10-2",NA,NA,NA,12.875,NA,NA,NA,NA,NA,NA,NA,NA,NA,NA,NA,"J","H"
"175","J2-1",0.0625,NA,NA,56.875,NA,1.0625,NA,NA,NA,NA,2.8125,NA,NA,NA,NA,"J","L"
"176","J2-2",NA,NA,NA,0.125,NA,8.125,NA,NA,0.125,NA,NA,NA,NA,NA,NA,"J","H"
"177","J3-1",NA,NA,NA,50,NA,0.0625,NA,NA,0.0625,NA,NA,NA,NA,NA,NA,"J","L"
"178","J3-2",NA,0.0625,NA,4.75,NA,36.875,NA,NA,NA,NA,NA,NA,NA,NA,NA,"J","H"
"179","J4-1",NA,NA,0.9375,64.0625,NA,5.0625,NA,NA,1.875,NA,NA,NA,3.4375,NA,NA,"J","L"
"180","J4-2",NA,NA,NA,18.1875,NA,NA,NA,NA,NA,NA,NA,NA,NA,NA,NA,"J","H"
"181","J5-1",NA,NA,NA,59.0625,NA,NA,NA,NA,NA,NA,NA,NA,NA,NA,NA,"J","L"
"182","J5-2",NA,NA,NA,5.0625,NA,35.3125,NA,NA,0.3125,NA,NA,NA,NA,NA,NA,"J","H"
"183","J6-1",NA,NA,NA,15.0625,NA,NA,NA,NA,NA,NA,NA,NA,NA,NA,NA,"J","L"
"184","J6-2",NA,NA,3.875,22.5625,NA,NA,NA,NA,NA,NA,42.125,NA,NA,NA,NA,"J","H"
"185","J7-1",NA,NA,NA,1.25,NA,3.75,NA,NA,NA,NA,24.375,NA,NA,2.8125,NA,"J","L"
"186","J7-2",NA,NA,NA,55.3125,NA,21.875,NA,NA,NA,NA,NA,5.0625,NA,NA,NA,"J","H"
"187","J8-1",NA,NA,NA,7.8125,NA,4.125,NA,NA,NA,NA,NA,NA,NA,10,NA,"J","L"
"188","J8-2",NA,NA,NA,7.8125,NA,33.4375,NA,NA,NA,NA,NA,NA,NA,NA,NA,"J","H"
"189","J9-1",NA,NA,NA,16.5625,NA,NA,NA,NA,NA,NA,NA,NA,NA,1.3125,NA,"J","L"
"190","J9-2",NA,NA,1,8.1875,NA,0.75,NA,NA,1.5625,NA,NA,NA,NA,2,NA,"J","H"
"191","K1-1",NA,NA,NA,31.9375,NA,40.125,NA,NA,NA,NA,NA,NA,NA,NA,NA,"K","L"
"192","K1-2",NA,NA,NA,28.75,NA,NA,NA,NA,NA,NA,NA,NA,NA,NA,NA,"K","H"
"193","K10-1",NA,NA,NA,NA,NA,7.1875,NA,NA,NA,NA,NA,NA,NA,NA,NA,"K","L"
"194","K10-2",NA,NA,NA,NA,NA,10.6875,NA,NA,NA,NA,NA,NA,NA,NA,NA,"K","H"
"195","K2-1",NA,2.5,NA,59.375,NA,NA,NA,NA,NA,NA,NA,NA,NA,NA,NA,"K","L"
"196","K2-2",NA,0.0625,NA,8.4375,NA,NA,NA,NA,NA,NA,NA,NA,NA,NA,NA,"K","H"
"197","K3-1",NA,NA,NA,21.5625,NA,3.75,NA,NA,NA,NA,NA,NA,NA,NA,NA,"K","L"
"198","K3-2",NA,NA,NA,0.625,NA,0.0625,NA,NA,NA,NA,NA,NA,NA,NA,NA,"K","H"
"199","K4-1",NA,NA,NA,3.5625,NA,NA,NA,NA,NA,NA,NA,NA,NA,NA,NA,"K","L"
"200","K4-2",NA,NA,18.75,19.8125,NA,0.0625,NA,NA,2.5625,NA,NA,NA,NA,NA,NA,"K","H"
"201","K5-1",NA,NA,NA,52.5625,NA,0.625,NA,NA,NA,NA,NA,NA,NA,NA,NA,"K","L"
"202","K5-2",0.3125,NA,NA,20.3125,NA,NA,NA,NA,NA,NA,NA,NA,NA,NA,NA,"K","H"
"203","K6-1",NA,NA,NA,34.375,NA,NA,NA,NA,NA,51.5625,NA,NA,NA,NA,NA,"K","L"
"204","K6-2",NA,NA,NA,11.25,NA,NA,NA,NA,NA,NA,NA,NA,NA,NA,NA,"K","H"
"205","K7-1",NA,NA,NA,54.6875,NA,NA,NA,NA,NA,NA,NA,NA,NA,NA,NA,"K","L"
"206","K7-2",NA,NA,NA,51.5625,NA,NA,NA,NA,NA,NA,NA,NA,NA,NA,NA,"K","H"
"207","K8-1",NA,NA,NA,26.5625,NA,1.625,NA,NA,NA,NA,NA,NA,NA,NA,NA,"K","L"
"208","K8-2",NA,NA,NA,31.25,NA,NA,NA,NA,NA,NA,NA,NA,NA,NA,NA,"K","H"
"209","K9-1",6.3125,NA,NA,82.9375,NA,NA,NA,NA,0.625,26.5625,NA,NA,4.0625,3.75,NA,"K","L"
"210","K9-2",NA,NA,NA,21.3125,NA,NA,NA,NA,NA,NA,NA,NA,NA,NA,NA,"K","H"
"211","L1-1",10.3125,NA,NA,0.5625,NA,1.375,NA,NA,NA,1.5625,NA,NA,NA,NA,NA,"L","L"
"212","L1-2",11.25,NA,NA,0.375,NA,2.8125,NA,NA,NA,NA,NA,NA,NA,NA,NA,"L","H"
"213","L10-1",NA,NA,NA,NA,NA,2.1875,NA,NA,NA,NA,NA,NA,NA,NA,NA,"L","L"
"214","L10-2",NA,NA,NA,2.25,NA,7.0625,NA,NA,NA,NA,NA,NA,NA,NA,NA,"L","H"
"215","L2-1",NA,NA,NA,23.1875,NA,7.875,NA,NA,NA,NA,NA,NA,0.75,0.3125,NA,"L","L"
"216","L2-2",NA,NA,NA,70,NA,3.1875,NA,NA,NA,NA,NA,NA,NA,NA,NA,"L","H"
"217","L3-1",18.875,NA,NA,43.4375,NA,0.0625,NA,NA,NA,NA,NA,NA,1.875,0.6875,NA,"L","L"
"218","L3-2",NA,0.0625,NA,42.1875,NA,19.1875,NA,NA,NA,NA,NA,NA,NA,NA,NA,"L","H"
"219","L4-1",NA,NA,NA,79.3125,NA,14.1875,NA,NA,NA,NA,NA,NA,NA,NA,NA,"L","L"
"220","L4-2",NA,NA,NA,21.25,NA,NA,NA,NA,1.25,NA,NA,NA,NA,NA,NA,"L","H"
"221","L5-1",NA,NA,NA,7.5,NA,NA,NA,NA,NA,NA,NA,NA,NA,NA,NA,"L","L"
"222","L5-2",NA,NA,NA,31,NA,2.875,NA,NA,NA,NA,NA,NA,NA,NA,NA,"L","H"
"223","L6-1",NA,NA,NA,51.875,NA,0.75,NA,NA,NA,NA,8.4375,NA,0.0625,NA,NA,"L","L"
"224","L6-2",NA,NA,NA,11.875,NA,30.9375,NA,NA,0.9375,NA,0.9375,NA,NA,0.625,NA,"L","H"
"225","L7-1",NA,0.9375,NA,83.4375,NA,2.25,NA,NA,NA,NA,NA,NA,NA,NA,NA,"L","L"
"226","L7-2",NA,NA,NA,40.3125,NA,29.6875,NA,NA,NA,NA,NA,NA,NA,NA,NA,"L","H"
"227","L8-1",NA,NA,NA,6.3125,NA,22.3125,NA,NA,NA,NA,NA,NA,NA,NA,NA,"L","L"
"228","L8-2",NA,NA,NA,21.875,NA,2.5625,NA,NA,0.625,NA,NA,NA,NA,NA,NA,"L","H"
"229","L9-1",NA,NA,NA,26.875,NA,29.125,NA,NA,NA,NA,NA,NA,NA,NA,NA,"L","L"
"230","L9-2",NA,NA,NA,39.125,NA,43.75,NA,NA,1.25,NA,NA,NA,NA,NA,NA,"L","H"
"231","M1-1",NA,NA,NA,43.4375,NA,4.5,NA,NA,NA,NA,NA,NA,NA,NA,NA,"M","L"
"232","M1-2",NA,NA,NA,12.1875,NA,24.375,NA,NA,NA,NA,NA,NA,NA,NA,NA,"M","H"
"233","M10-1",49.5,NA,34.125,NA,NA,NA,NA,NA,NA,NA,NA,NA,NA,NA,NA,"M","L"
"234","M10-2",54.0625,NA,1.5625,1.25,NA,NA,NA,NA,NA,NA,NA,NA,NA,NA,NA,"M","H"
"235","M2-1",NA,NA,NA,44.375,NA,2.625,NA,NA,NA,NA,NA,NA,NA,NA,NA,"M","L"
"236","M2-2",NA,NA,NA,6.5625,NA,29.375,NA,NA,NA,NA,NA,NA,NA,NA,NA,"M","H"
"237","M3-1",13.5,NA,NA,4.6875,NA,NA,NA,NA,NA,NA,NA,NA,NA,30,NA,"M","L"
"238","M3-2",NA,NA,NA,40.5,NA,NA,NA,NA,NA,NA,NA,NA,NA,NA,NA,"M","H"
"239","M4-1",69.6875,NA,NA,NA,NA,0.0625,NA,NA,NA,16.5625,NA,NA,NA,NA,NA,"M","L"
"240","M4-2",1.25,NA,NA,2.1875,NA,31.625,NA,NA,NA,NA,NA,NA,NA,NA,NA,"M","H"
"241","M5-1",NA,NA,NA,37.8125,NA,0.6875,NA,NA,NA,NA,16.9375,NA,1.5625,6.125,NA,"M","L"
"242","M5-2",NA,NA,NA,35,NA,21.25,NA,NA,5.625,NA,NA,NA,1.9375,NA,NA,"M","H"
"243","M6-1",1.1875,NA,NA,14.0625,NA,NA,NA,NA,0.9375,8.5,NA,NA,NA,NA,NA,"M","L"
"244","M6-2",NA,NA,NA,17.5625,NA,7.6875,NA,NA,6.25,NA,NA,NA,NA,NA,NA,"M","H"
"245","M7-1",67.5,NA,NA,0.3125,NA,NA,NA,NA,NA,NA,NA,NA,NA,NA,NA,"M","L"
"246","M7-2",29.4375,NA,NA,NA,NA,NA,NA,NA,NA,NA,NA,NA,NA,11.5625,NA,"M","H"
"247","M8-1",NA,NA,NA,4.375,NA,37.5,NA,NA,NA,NA,NA,NA,NA,9.6875,NA,"M","L"
"248","M8-2",NA,NA,NA,4.6875,NA,14.0625,NA,NA,NA,NA,NA,NA,NA,NA,NA,"M","H"
"249","M9-1",6.5625,NA,2.875,4.375,NA,13.1875,NA,NA,NA,31.9375,NA,NA,1.5625,NA,NA,"M","L"
"250","M9-2",0.0625,NA,2.5,16.5625,NA,14.1875,NA,NA,NA,NA,NA,NA,NA,NA,NA,"M","H"
"251","N1-1",NA,NA,NA,3.8125,NA,0.5625,NA,NA,9.375,NA,NA,NA,NA,NA,NA,"N","L"
"252","N1-2",NA,NA,NA,4,NA,0.375,NA,NA,NA,NA,NA,NA,NA,NA,NA,"N","H"
"253","N10-1",NA,NA,NA,4.5,NA,NA,NA,NA,NA,79.625,NA,NA,NA,NA,NA,"N","L"
"254","N10-2",NA,NA,NA,6.9375,NA,NA,NA,NA,NA,NA,NA,NA,NA,NA,NA,"N","H"
"255","N2-1",NA,NA,NA,26.5625,NA,15.9375,NA,NA,NA,NA,NA,NA,NA,NA,NA,"N","L"
"256","N2-2",NA,NA,NA,0.5,NA,18.5,NA,NA,35.625,NA,NA,NA,NA,NA,NA,"N","H"
"257","N3-1",NA,NA,NA,16.625,NA,1.3125,NA,NA,61.5,NA,NA,NA,NA,NA,NA,"N","L"
"258","N3-2",NA,NA,NA,NA,NA,28.75,NA,NA,23.75,NA,NA,NA,NA,NA,NA,"N","H"
"259","N4-1",NA,NA,NA,NA,NA,19.4375,NA,NA,NA,NA,NA,NA,NA,NA,NA,"N","L"
"260","N4-2",NA,NA,NA,NA,NA,53.125,NA,NA,NA,NA,NA,NA,NA,NA,NA,"N","H"
"261","N5-1",NA,NA,NA,25,NA,NA,NA,NA,NA,NA,NA,NA,NA,NA,NA,"N","L"
"262","N5-2",NA,NA,NA,5.125,NA,NA,NA,NA,0.9375,NA,NA,NA,NA,NA,NA,"N","H"
"263","N6-1",NA,NA,NA,55.3125,NA,NA,NA,NA,0.625,NA,NA,NA,NA,NA,NA,"N","L"
"264","N6-2",NA,NA,NA,22.1875,NA,NA,NA,NA,NA,NA,NA,NA,NA,NA,NA,"N","H"
"265","N7-1",NA,NA,NA,12.1875,NA,0.0625,NA,NA,NA,NA,NA,NA,NA,NA,NA,"N","L"
"266","N7-2",NA,NA,NA,1.3125,NA,NA,NA,NA,NA,NA,NA,NA,NA,NA,NA,"N","H"
"267","N8-1",NA,NA,NA,NA,NA,16.9375,NA,NA,NA,NA,NA,NA,NA,NA,NA,"N","L"
"268","N8-2",NA,NA,NA,0.6875,NA,NA,NA,NA,NA,NA,NA,NA,NA,NA,NA,"N","H"
"269","N9-1",NA,NA,NA,5.125,NA,NA,NA,NA,NA,NA,NA,NA,NA,NA,NA,"N","L"
"270","N9-2",NA,NA,NA,27.5,NA,NA,NA,NA,0.9375,NA,NA,NA,NA,NA,NA,"N","H"
"271","O1-1",17.1875,NA,10.1875,NA,NA,0.0625,NA,NA,NA,57.9375,12.6875,NA,NA,NA,NA,"O","L"
"272","O1-2",5.9375,NA,3.4375,4.375,NA,0.3125,NA,NA,41.5625,1.875,9.0625,NA,NA,NA,NA,"O","H"
"273","O10-1",NA,0.125,NA,15.125,NA,NA,NA,NA,NA,NA,NA,NA,NA,NA,NA,"O","L"
"274","O10-2",NA,NA,NA,4.6875,NA,NA,NA,NA,NA,NA,NA,NA,NA,NA,NA,"O","H"
"275","O2-1",NA,NA,21.5625,10.6875,NA,0.0625,NA,NA,0.3125,NA,NA,NA,NA,NA,NA,"O","L"
"276","O2-2",NA,NA,NA,49.4375,NA,NA,NA,NA,1,NA,NA,NA,NA,NA,NA,"O","H"
"277","O3-1",64.6875,NA,0.0625,NA,NA,NA,NA,NA,NA,0.0625,NA,NA,NA,NA,NA,"O","L"
"278","O3-2",2.1875,NA,NA,3.625,NA,1.5625,NA,NA,NA,NA,16.25,NA,NA,NA,NA,"O","H"
"279","O4-1",NA,NA,NA,17.5,NA,NA,NA,NA,NA,NA,NA,NA,NA,NA,NA,"O","L"
"280","O4-2",NA,NA,NA,7.4375,NA,NA,NA,NA,2.8125,NA,NA,NA,NA,NA,NA,"O","H"
"281","O5-1",NA,NA,NA,NA,NA,31,NA,NA,NA,NA,NA,NA,NA,8.125,NA,"O","L"
"282","O5-2",NA,NA,NA,18.125,NA,29.5,NA,NA,NA,NA,NA,NA,NA,1.25,NA,"O","H"
"283","O6-1",0.6875,NA,2.25,3.25,NA,0.1875,NA,NA,46.8125,NA,NA,NA,NA,0.625,NA,"O","L"
"284","O6-2",NA,NA,NA,4.125,NA,31.25,NA,NA,3.125,NA,NA,NA,NA,NA,NA,"O","H"
"285","O7-1",3.8125,NA,28.375,0.0625,NA,NA,NA,NA,NA,47.8125,NA,NA,NA,NA,NA,"O","L"
"286","O7-2",60.625,NA,NA,NA,NA,NA,NA,NA,NA,NA,NA,NA,NA,NA,NA,"O","H"
"287","O8-1",6.875,NA,0.9375,45.3125,NA,0.0625,NA,NA,NA,0.0625,NA,NA,NA,NA,NA,"O","L"
"288","O8-2",NA,NA,NA,22.875,NA,2.5,NA,NA,15.9375,NA,NA,NA,NA,NA,NA,"O","H"
"289","O9-1",NA,NA,NA,12.1875,NA,0.375,NA,NA,NA,NA,NA,NA,NA,NA,NA,"O","L"
"290","O9-2",NA,NA,NA,27.625,NA,NA,NA,NA,NA,NA,NA,NA,NA,NA,NA,"O","H"
"291","P1-1",0.3125,NA,NA,21.5625,NA,NA,NA,NA,0.3125,NA,NA,NA,NA,NA,NA,"P","L"
"292","P1-2",2.5625,NA,NA,10.125,NA,2.8125,NA,NA,NA,NA,NA,NA,NA,NA,NA,"P","H"
"293","P10-1",NA,NA,NA,37.875,NA,0.6875,NA,NA,NA,NA,NA,NA,NA,NA,NA,"P","L"
"294","P10-2",NA,NA,NA,8.875,NA,43.125,NA,NA,NA,NA,NA,NA,NA,NA,NA,"P","H"
"295","P2-1",NA,NA,NA,8.375,NA,NA,NA,NA,NA,NA,NA,NA,NA,NA,NA,"P","L"
"296","P2-2",NA,NA,NA,1.875,NA,53.125,NA,NA,4.1875,NA,NA,0.375,NA,NA,NA,"P","H"
"297","P3-1",NA,NA,NA,NA,NA,14.125,NA,NA,1.25,NA,NA,NA,NA,NA,0.0625,"P","L"
"298","P3-2",NA,NA,NA,1.6875,NA,7.3125,NA,NA,2.3125,NA,NA,NA,NA,NA,NA,"P","H"
"299","P4-1",NA,NA,NA,3.125,NA,1.3125,NA,NA,0.3125,NA,NA,NA,NA,NA,NA,"P","L"
"300","P4-2",NA,NA,NA,NA,NA,6.0625,NA,NA,NA,NA,NA,4.375,NA,NA,NA,"P","H"
"301","P5-1",NA,NA,NA,1.625,NA,8.8125,NA,NA,NA,NA,NA,NA,0.3125,1.25,NA,"P","L"
"302","P5-2",NA,NA,NA,NA,NA,30.9375,NA,NA,NA,NA,NA,NA,NA,NA,NA,"P","H"
"303","P6-1",NA,NA,NA,12.25,NA,0.6875,NA,NA,NA,29.0625,NA,NA,NA,NA,NA,"P","L"
"304","P6-2",NA,NA,NA,9.25,NA,0.75,NA,NA,NA,NA,NA,NA,NA,NA,NA,"P","H"
"305","P7-1",6.125,NA,13.3125,5.0625,NA,0.0625,NA,NA,NA,NA,NA,NA,NA,0.125,NA,"P","L"
"306","P7-2",NA,NA,NA,65.25,NA,1,NA,NA,0.6875,NA,NA,NA,NA,NA,NA,"P","H"
"307","P8-1",NA,10.375,NA,45,NA,0.125,NA,NA,NA,NA,1.3125,NA,NA,1,NA,"P","L"
"308","P8-2",NA,0.3125,NA,21,NA,NA,NA,NA,NA,NA,20,NA,NA,NA,NA,"P","H"
"309","P9-1",33.75,NA,NA,5,NA,NA,NA,NA,NA,3.5,22.8125,NA,NA,NA,NA,"P","L"
"310","P9-2",98.5625,NA,NA,NA,NA,NA,NA,NA,NA,NA,NA,NA,NA,NA,NA,"P","H"
"311","Q1-1",NA,NA,NA,14.5,NA,12.6875,NA,NA,NA,NA,NA,NA,NA,NA,NA,"Q","L"
"312","Q1-2",NA,NA,NA,4.6875,NA,18.5,NA,NA,6.5625,NA,NA,NA,NA,NA,NA,"Q","H"
"313","Q10-1",7,NA,NA,2.9375,NA,NA,NA,NA,0.3125,2.875,11.75,NA,NA,0.75,NA,"Q","L"
"314","Q10-2",NA,NA,NA,0.375,NA,NA,NA,NA,0.3125,NA,NA,39.5,NA,NA,NA,"Q","H"
"315","Q2-1",0.375,NA,NA,40,NA,NA,NA,NA,NA,NA,1.6875,NA,NA,NA,NA,"Q","L"
"316","Q2-2",41,NA,NA,1.875,NA,NA,NA,NA,NA,NA,NA,NA,NA,NA,NA,"Q","H"
"317","Q3-1",NA,NA,NA,3.75,NA,NA,NA,NA,NA,NA,NA,NA,NA,NA,NA,"Q","L"
"318","Q3-2",NA,NA,NA,10.375,NA,0.0625,NA,NA,NA,NA,NA,NA,NA,NA,NA,"Q","H"
"319","Q4-1",0.0625,NA,NA,10.9375,NA,0.0625,NA,NA,NA,NA,NA,NA,NA,NA,NA,"Q","L"
"320","Q4-2",NA,NA,NA,20.9375,NA,7.3125,NA,NA,NA,NA,NA,NA,NA,NA,NA,"Q","H"
"321","Q5-1",9.0625,NA,NA,0.0625,NA,9.0625,NA,NA,NA,41.625,NA,NA,NA,NA,NA,"Q","L"
"322","Q5-2",0.3125,NA,NA,NA,NA,15.3125,NA,NA,NA,NA,NA,NA,NA,NA,NA,"Q","H"
"323","Q6-1",NA,NA,NA,74.6875,NA,0.5625,NA,NA,0.625,NA,NA,NA,NA,NA,NA,"Q","L"
"324","Q6-2",NA,NA,NA,2.5,NA,8.5,NA,NA,NA,NA,NA,NA,NA,NA,NA,"Q","H"
"325","Q7-1",0.5625,NA,NA,16.5625,NA,2.875,NA,NA,0.3125,NA,NA,NA,NA,NA,NA,"Q","L"
"326","Q7-2",NA,NA,NA,19.0625,NA,6.4375,NA,NA,3.4375,NA,NA,NA,NA,NA,NA,"Q","H"
"327","Q8-1",NA,NA,NA,7,NA,11.375,NA,NA,NA,NA,NA,NA,NA,NA,NA,"Q","L"
"328","Q8-2",NA,NA,NA,23.0625,NA,31.8125,NA,NA,NA,NA,NA,NA,NA,NA,NA,"Q","H"
"329","Q9-1",NA,NA,NA,19.6875,NA,6.0625,NA,NA,0.3125,NA,NA,NA,NA,NA,NA,"Q","L"
"330","Q9-2",NA,NA,NA,23.75,NA,NA,NA,NA,NA,NA,NA,NA,NA,NA,NA,"Q","H"
"331","R1-1",NA,NA,NA,33.75,NA,NA,NA,NA,1.875,1.875,NA,NA,NA,NA,NA,"R","L"
"332","R1-2",NA,NA,NA,5.5625,NA,18.1875,NA,NA,NA,NA,NA,NA,NA,NA,NA,"R","H"
"333","R10-1",0.3125,NA,0.3125,6.875,NA,NA,NA,NA,0.3125,NA,0.0625,NA,NA,18.4375,NA,"R","L"
"334","R10-2",NA,NA,2.1875,20.625,NA,7.1875,NA,NA,NA,NA,2.875,NA,NA,NA,NA,"R","H"
"335","R2-1",2.8125,NA,NA,8.5625,NA,2,NA,NA,0.625,NA,16.875,NA,0.9375,NA,NA,"R","L"
"336","R2-2",NA,NA,NA,8.125,NA,0.875,NA,NA,NA,NA,NA,NA,NA,NA,NA,"R","H"
"337","R3-1",NA,NA,NA,57.8125,NA,1.8125,NA,NA,NA,NA,NA,NA,NA,NA,NA,"R","L"
"338","R3-2",NA,NA,NA,9.6875,NA,7.375,NA,NA,NA,NA,NA,NA,NA,NA,NA,"R","H"
"339","R4-1",NA,NA,NA,0.6875,NA,2.8125,NA,NA,NA,NA,NA,NA,NA,NA,NA,"R","L"
"340","R4-2",NA,NA,NA,NA,NA,6.5625,NA,NA,NA,NA,NA,NA,NA,NA,NA,"R","H"
"341","R5-1",NA,NA,NA,8.125,NA,14.6875,NA,NA,NA,NA,NA,NA,NA,4.4375,NA,"R","L"
"342","R5-2",NA,NA,NA,1.75,NA,5.6875,NA,NA,NA,NA,NA,NA,NA,NA,NA,"R","H"
"343","R6-1",5.9375,NA,NA,10.125,NA,1.75,NA,NA,0.625,NA,NA,NA,NA,3.125,NA,"R","L"
"344","R6-2",NA,NA,NA,0.0625,NA,18.375,NA,NA,NA,NA,NA,NA,NA,NA,NA,"R","H"
"345","R7-1",NA,NA,NA,6.375,NA,13.4375,NA,NA,NA,NA,17.1875,NA,NA,NA,NA,"R","L"
"346","R7-2",NA,NA,NA,7.0625,NA,5.875,NA,NA,NA,NA,NA,NA,NA,NA,NA,"R","H"
"347","R8-1",NA,NA,NA,16.3125,NA,37.5625,NA,NA,NA,NA,NA,NA,NA,0.3125,NA,"R","L"
"348","R8-2",NA,NA,NA,13.875,NA,9.8125,NA,NA,NA,NA,NA,NA,NA,NA,NA,"R","H"
"349","R9-1",27.1875,NA,NA,28.3125,NA,NA,NA,NA,NA,NA,NA,NA,NA,NA,NA,"R","L"
"350","R9-2",NA,NA,NA,14.75,NA,4.6875,NA,NA,1,NA,NA,NA,NA,NA,NA,"R","H"
"351","S1-1",NA,NA,NA,1.4375,NA,19.75,NA,NA,NA,NA,NA,NA,NA,NA,NA,"S","L"
"352","S1-2",NA,NA,NA,1.1875,NA,16.875,NA,NA,NA,NA,NA,NA,NA,NA,NA,"S","H"
"353","S10-1",NA,NA,NA,0.75,NA,7.5,NA,NA,NA,NA,NA,NA,NA,NA,NA,"S","L"
"354","S10-2",NA,NA,NA,8.25,NA,55,NA,NA,NA,NA,NA,NA,NA,NA,NA,"S","H"
"355","S2-1",0.3125,NA,NA,28.6875,NA,5.5,NA,NA,NA,NA,NA,NA,NA,NA,NA,"S","L"
"356","S2-2",NA,NA,NA,NA,NA,9.4375,NA,NA,NA,NA,NA,NA,NA,NA,NA,"S","H"
"357","S3-1",NA,NA,NA,45,NA,0.125,NA,NA,NA,NA,NA,NA,NA,NA,NA,"S","L"
"358","S3-2",NA,NA,NA,19.375,NA,1.9375,NA,NA,NA,NA,NA,NA,NA,NA,NA,"S","H"
"359","S4-1",NA,NA,NA,41.5625,NA,0.375,NA,NA,3.75,NA,NA,NA,NA,NA,NA,"S","L"
"360","S4-2",NA,NA,NA,19.375,NA,6.8125,NA,NA,NA,NA,NA,NA,NA,NA,NA,"S","H"
"361","S5-1",NA,NA,NA,13.5,NA,NA,NA,NA,NA,0.8125,19.8125,NA,NA,1.9375,NA,"S","L"
"362","S5-2",NA,NA,NA,16.4375,NA,NA,NA,NA,NA,NA,NA,1.625,NA,NA,NA,"S","H"
"363","S6-1",NA,NA,NA,25.75,NA,0.0625,NA,NA,0.3125,NA,NA,2.5625,NA,0.3125,NA,"S","L"
"364","S6-2",NA,NA,NA,2.125,NA,5.8125,NA,NA,NA,NA,NA,12.5,NA,NA,NA,"S","H"
"365","S7-1",NA,NA,NA,8.5,NA,0.0625,NA,NA,NA,NA,NA,NA,0.125,NA,NA,"S","L"
"366","S7-2",NA,NA,NA,7.9375,NA,3.4375,NA,NA,NA,NA,NA,NA,NA,NA,NA,"S","H"
"367","S8-1",NA,NA,NA,47.5,NA,NA,NA,NA,0.3125,NA,NA,NA,NA,NA,NA,"S","L"
"368","S8-2",NA,NA,NA,2.0625,NA,12.25,NA,NA,0.0625,NA,NA,NA,NA,NA,NA,"S","H"
"369","S9-1",NA,NA,NA,4.875,NA,4.0625,NA,NA,NA,NA,NA,NA,NA,NA,NA,"S","L"
"370","S9-2",NA,NA,NA,7.6875,NA,6.8125,NA,NA,NA,NA,NA,NA,NA,NA,NA,"S","H"
"371","T1-1",NA,NA,NA,68.75,NA,NA,NA,NA,NA,NA,NA,NA,NA,NA,NA,"T","L"
"372","T1-2",NA,NA,NA,88.125,NA,1.875,NA,NA,0.3125,NA,NA,NA,NA,NA,NA,"T","H"
"373","T10-1",NA,NA,NA,2.3125,NA,2.125,NA,NA,NA,NA,NA,NA,NA,NA,NA,"T","L"
"374","T10-2",NA,NA,NA,6.0625,NA,NA,NA,NA,NA,NA,NA,NA,NA,NA,NA,"T","H"
"375","T2-1",NA,NA,NA,37.8125,NA,1.4375,NA,NA,NA,NA,NA,NA,NA,0.3125,NA,"T","L"
"376","T2-2",NA,NA,0.375,24.75,NA,0.875,NA,NA,0.625,NA,NA,NA,NA,NA,NA,"T","H"
"377","T3-1",12.9375,NA,21.5,6.625,NA,NA,NA,NA,NA,NA,NA,NA,NA,16.0625,NA,"T","L"
"378","T3-2",36.9375,NA,2.25,5.6875,NA,NA,NA,NA,NA,NA,NA,NA,NA,NA,NA,"T","H"
"379","T4-1",NA,NA,NA,11.5625,NA,0.0625,NA,NA,NA,NA,14.1875,NA,NA,25.375,NA,"T","L"
"380","T4-2",NA,NA,NA,7.8125,NA,8.75,NA,NA,NA,NA,NA,NA,NA,9.125,NA,"T","H"
"381","T5-1",NA,NA,NA,0.3125,NA,50,NA,NA,NA,NA,NA,NA,NA,NA,NA,"T","L"
"382","T5-2",NA,NA,NA,NA,NA,76.5625,NA,NA,NA,NA,NA,NA,NA,NA,NA,"T","H"
"383","T6-1",NA,NA,30.375,51.875,NA,NA,NA,NA,1.5625,NA,NA,NA,NA,NA,NA,"T","L"
"384","T6-2",NA,NA,17.5,71.875,NA,NA,NA,NA,NA,NA,NA,NA,NA,NA,NA,"T","H"
"385","T7-1",NA,NA,NA,22.25,NA,3.375,NA,NA,NA,NA,NA,NA,3.125,0.0625,NA,"T","L"
"386","T7-2",NA,NA,NA,NA,NA,26.625,NA,NA,NA,NA,NA,NA,NA,NA,NA,"T","H"
"387","T8-1",NA,NA,NA,0.6875,NA,8.5,1.3125,NA,NA,NA,NA,0.3125,NA,NA,NA,"T","L"
"388","T8-2",NA,NA,NA,1.9375,NA,4.6875,NA,NA,NA,NA,NA,NA,NA,NA,NA,"T","H"
"389","T9-1",NA,NA,38.75,0.8125,NA,0.1875,NA,NA,0.6875,NA,NA,NA,NA,NA,NA,"T","L"
"390","T9-2",NA,NA,7.8125,7.5,NA,0.375,NA,NA,1.3125,NA,NA,NA,NA,NA,NA,"T","H"
