,site,A,B,C,D,E,F,G,H,I,J,K,L,M,N,P,patch,height,dbh,circumference,cover
1,A1-1,13.5,5.625,NA,NA,NA,NA,NA,NA,NA,NA,NA,NA,NA,NA,NA,A,L,55.3859202,1.74,98.4189144
2,A1-2,6.25,0.25,13.8125,0.3125,NA,NA,NA,NA,NA,NA,NA,NA,NA,NA,NA,A,H,55.3859202,1.74,98.4189144
3,A2-1,12.8125,NA,NA,NA,23.5,13.5625,40.25,NA,NA,NA,NA,NA,NA,NA,NA,A,L,42.65352475,1.34,85.46843445
4,A2-2,21.4375,NA,NA,NA,12.75,3.75,7.375,12.0625,NA,NA,NA,NA,NA,NA,NA,A,H,42.65352475,1.34,85.46843445
5,A3-1,2.5,2.5,NA,NA,3.875,15.625,NA,40.625,4.375,NA,NA,NA,NA,NA,NA,A,L,54.43099054,1.71,96.48303541
6,A3-2,45.625,0.0625,NA,NA,10,NA,NA,NA,0.1875,NA,NA,NA,NA,NA,NA,A,H,54.43099054,1.71,96.48303541
7,A4-1,0.625,21.9375,0.0625,NA,NA,26,NA,NA,NA,NA,NA,NA,NA,NA,NA,A,L,36.60563691,1.15,94.22624973
8,A4-2,9.125,31.5625,NA,NA,0.1875,NA,NA,NA,NA,3.3125,NA,NA,NA,NA,NA,A,H,36.60563691,1.15,94.22624973
9,A6-1,NA,48.0625,NA,NA,NA,34.375,NA,NA,NA,NA,NA,NA,NA,NA,NA,A,L,10.50422624,0.33,91.67107244
10,A6-2,NA,54.9375,NA,NA,NA,27.5625,NA,NA,NA,NA,NA,NA,NA,NA,NA,A,H,10.50422624,0.33,91.67107244
11,A7-1,NA,0.9375,NA,NA,NA,NA,NA,NA,NA,NA,NA,NA,NA,NA,NA,A,L,63.34366735,1.99,96.54376357
12,A7-2,NA,33.875,NA,NA,0.5625,NA,NA,NA,NA,NA,NA,NA,NA,NA,NA,A,H,63.34366735,1.99,96.54376357
13,A8-1,NA,3.125,NA,NA,56.4375,NA,NA,NA,NA,NA,NA,NA,NA,NA,NA,A,L,33.74084794,1.06,93.51336853
14,A8-2,NA,17.75,7.1875,NA,NA,NA,NA,NA,NA,NA,NA,NA,NA,NA,NA,A,H,33.74084794,1.06,93.51336853
15,A9-1,NA,12.1875,0.1875,NA,NA,NA,NA,NA,NA,NA,0.8125,NA,NA,NA,NA,A,L,6.047887837,0.19,91.62481186
16,A9-2,NA,33.125,0.0625,NA,NA,NA,NA,NA,NA,NA,0.625,NA,NA,NA,NA,A,H,6.047887837,0.19,91.62481186
17,B1-1,2,6.625,10.1875,NA,NA,NA,NA,NA,NA,NA,NA,NA,NA,NA,NA,B,L,17.82535363,0.56,94.33464752
18,B1-2,0.0625,47.1875,NA,NA,NA,NA,NA,NA,NA,NA,NA,NA,NA,NA,NA,B,H,17.82535363,0.56,94.33464752
19,B10-1,NA,NA,NA,1.625,NA,NA,0.125,NA,NA,NA,NA,NA,NA,NA,NA,B,L,46.79155327,1.47,93.77346767
20,B10-2,0.0625,NA,4.0625,4.125,0.0625,NA,NA,NA,NA,NA,NA,NA,NA,NA,NA,B,H,46.79155327,1.47,93.77346767
21,B2-1,14.25,NA,36.6875,NA,6.6875,19.5625,NA,NA,NA,NA,NA,NA,NA,NA,NA,B,L,27.6929601,0.87,70.25166268
22,B2-2,19.375,NA,39.0625,NA,21.25,4.9375,NA,NA,NA,NA,NA,NA,NA,NA,NA,B,H,27.6929601,0.87,70.25166268
23,B3-1,NA,NA,38.875,1.25,NA,NA,NA,7.5,28.25,NA,NA,NA,NA,NA,NA,B,L,12.41408556,0.39,83.47832679
24,B3-2,NA,NA,15.125,6.9375,NA,NA,NA,6.25,35,NA,NA,NA,NA,NA,NA,B,H,12.41408556,0.39,83.47832679
25,B4-1,NA,NA,NA,54.625,NA,NA,NA,NA,NA,NA,NA,NA,NA,NA,NA,B,L,7.957747155,0.25,83.92248585
26,B4-2,NA,NA,NA,59.875,NA,NA,NA,NA,NA,NA,NA,NA,NA,NA,NA,B,H,7.957747155,0.25,83.92248585
27,B5-1,NA,NA,NA,8,NA,NA,NA,NA,NA,NA,NA,NA,NA,NA,NA,B,L,20.6901426,0.65,87.78383472
28,B5-2,NA,NA,NA,7.125,NA,NA,NA,NA,NA,NA,NA,NA,NA,NA,NA,B,H,20.6901426,0.65,87.78383472
29,B6-1,NA,NA,9.1875,1.3125,NA,NA,0.125,NA,NA,84.6875,NA,NA,NA,NA,NA,B,L,100.585924,3.16,93.07224588
30,B6-2,NA,NA,31.5625,56.9375,NA,NA,NA,NA,NA,NA,NA,NA,NA,NA,NA,B,H,100.585924,3.16,93.07224588
31,B7-1,NA,5.625,9.1875,68.625,NA,NA,NA,5,NA,NA,NA,NA,NA,NA,NA,B,L,25.46479089,0.8,97.9213602
32,B7-2,NA,NA,13.1875,63.5,NA,NA,NA,0.625,NA,NA,NA,NA,NA,NA,NA,B,H,25.46479089,0.8,97.9213602
33,B9-1,NA,NA,NA,95.9375,NA,NA,NA,NA,NA,NA,NA,NA,NA,NA,NA,B,L,20.6901426,0.65,93.38612715
34,B9-2,NA,NA,NA,19.375,NA,NA,NA,NA,NA,NA,NA,NA,NA,NA,NA,B,H,20.6901426,0.65,93.38612715
35,C1-1,NA,NA,NA,NA,NA,NA,NA,NA,NA,12.9375,NA,NA,NA,NA,NA,C,L,28.96619964,0.91,96.41057837
36,C10-1,NA,NA,94.1875,0,NA,NA,NA,NA,NA,5.125,NA,NA,NA,NA,NA,C,L,17.50704374,0.55,93.77346767
37,C10-2,NA,NA,NA,84,NA,NA,NA,NA,0.0625,0.125,NA,NA,NA,NA,NA,C,H,17.50704374,0.55,93.77346767
38,C2-1,NA,NA,NA,92,NA,NA,NA,NA,NA,0.25,0.25,NA,NA,NA,NA,C,L,19.41690306,0.61,96.30846178
39,C2-2,NA,NA,NA,63.4375,NA,NA,NA,NA,2.9375,NA,NA,NA,NA,NA,NA,C,H,19.41690306,0.61,96.30846178
40,C3-2,NA,NA,NA,15.25,NA,NA,NA,NA,2.6875,NA,NA,NA,NA,NA,NA,C,H,35.33239737,1.11,96.54279113
41,C4-1,NA,NA,NA,40.9375,NA,NA,NA,NA,NA,NA,NA,NA,NA,NA,NA,C,L,19.41690306,0.61,93.78039385
42,C4-2,NA,NA,NA,86.0625,NA,NA,NA,NA,NA,NA,NA,NA,NA,NA,NA,C,H,19.41690306,0.61,93.78039385
43,C5-1,NA,NA,14.5625,45.4375,8.75,7.1875,NA,NA,8.75,NA,NA,NA,NA,NA,NA,C,L,7.321127382,0.23,90.91542353
44,C5-2,1.5625,NA,NA,31.5625,NA,2.25,NA,NA,12.8125,NA,NA,NA,NA,NA,NA,C,H,7.321127382,0.23,90.91542353
45,C6-1,NA,NA,NA,11.9375,NA,NA,36.25,NA,NA,NA,NA,NA,NA,NA,NA,C,L,19.09859317,0.6,92.35776709
46,C6-2,NA,NA,1.875,14.375,NA,0.3125,4.75,NA,NA,NA,NA,NA,NA,NA,NA,C,H,19.09859317,0.6,92.35776709
47,C7-1,NA,NA,NA,11.25,NA,0.9375,11,NA,NA,NA,NA,NA,NA,NA,NA,C,L,18.14366351,0.57,96.48617105
48,C7-2,NA,NA,7.1875,59,NA,NA,NA,NA,NA,NA,NA,NA,NA,NA,NA,C,H,18.14366351,0.57,96.48617105
49,C8-1,NA,NA,NA,5.5,NA,NA,NA,NA,NA,6,NA,NA,NA,NA,NA,C,L,19.41690306,0.61,91.24073598
50,C8-2,NA,NA,NA,23.3125,NA,NA,3.3125,NA,NA,NA,60.125,NA,NA,NA,NA,C,H,19.41690306,0.61,91.24073598
51,C9-1,NA,NA,NA,59.6875,NA,NA,NA,NA,NA,4.6875,1.25,NA,NA,NA,NA,C,L,14.00563499,0.44,96.30419493
52,C9-2,NA,NA,NA,69.625,NA,NA,NA,0.0625,1.0625,NA,NA,NA,NA,NA,NA,C,H,14.00563499,0.44,96.30419493
53,D1-1,NA,0.625,NA,1.25,NA,NA,2.625,NA,NA,34.375,38.375,NA,NA,NA,NA,D,L,28.32957987,0.89,94.80501297
54,D1-2,NA,NA,5,53.75,NA,2.1875,NA,NA,1.875,NA,NA,NA,NA,NA,NA,D,H,28.32957987,0.89,94.80501297
55,D10-1,NA,NA,NA,21.25,NA,NA,21.375,NA,NA,NA,NA,NA,NA,NA,NA,D,L,22.28169203,0.7,96.79944702
56,D10-2,NA,NA,NA,5.125,NA,14.8125,NA,NA,NA,NA,NA,NA,NA,NA,NA,D,H,22.28169203,0.7,96.79944702
57,D2-1,NA,NA,47.875,9.5,NA,0.125,NA,NA,NA,NA,8.4375,NA,NA,NA,NA,D,L,15.59718442,0.49,82.59892936
58,D2-2,NA,NA,NA,53.75,NA,8.1875,NA,NA,NA,NA,NA,NA,NA,NA,NA,D,H,15.59718442,0.49,82.59892936
59,D3-1,NA,NA,19.125,40.125,NA,0.1875,NA,NA,NA,NA,NA,NA,NA,NA,NA,D,L,9.549296586,0.3,76.55650657
60,D3-2,NA,NA,NA,4.3125,NA,40.3125,NA,NA,NA,NA,NA,NA,NA,NA,NA,D,H,9.549296586,0.3,76.55650657
61,D4-1,NA,NA,NA,20.375,NA,NA,23.125,NA,NA,NA,20.3125,NA,NA,NA,NA,D,L,13.36901522,0.42,96.57452457
62,D4-2,NA,NA,NA,24.6875,NA,0.625,NA,NA,NA,NA,38.75,NA,NA,NA,NA,D,H,13.36901522,0.42,96.57452457
63,D5-1,NA,NA,NA,53.125,NA,NA,NA,NA,NA,NA,25.9375,NA,NA,NA,NA,D,L,22.28169203,0.7,91.73653383
64,D5-2,NA,NA,3.875,66.5625,NA,3.1875,NA,NA,3.4375,NA,NA,NA,NA,NA,NA,D,H,22.28169203,0.7,91.73653383
65,D6-1,NA,NA,NA,23.125,NA,NA,0.375,NA,NA,2.0625,NA,NA,NA,NA,NA,D,L,37.87887646,1.19,90.1539201
66,D6-2,NA,NA,0.3125,4.1875,NA,NA,NA,NA,NA,NA,NA,NA,NA,NA,NA,D,H,37.87887646,1.19,90.1539201
67,D7-1,NA,0.0625,NA,38.4375,NA,NA,NA,NA,NA,NA,2,NA,NA,NA,NA,D,L,56.65915974,1.78,99.16523578
68,D7-2,NA,NA,NA,59.6875,NA,NA,1.0625,NA,NA,NA,5.9375,NA,NA,NA,NA,D,H,56.65915974,1.78,99.16523578
69,D8-1,NA,NA,NA,1.875,NA,NA,NA,NA,NA,NA,NA,NA,NA,NA,NA,D,L,24.50986124,0.77,90.74987973
70,D8-2,NA,NA,NA,19,NA,2.5625,NA,NA,NA,NA,NA,NA,NA,NA,NA,D,H,24.50986124,0.77,90.74987973
71,D9-1,6.375,NA,12.125,NA,NA,0.0625,0.3125,NA,NA,NA,NA,NA,NA,NA,NA,D,L,45.51831372,1.43,94.59110495
72,D9-2,16.5625,NA,NA,0.625,0.0625,0.0625,1.5625,NA,NA,NA,NA,NA,NA,NA,NA,D,H,45.51831372,1.43,94.59110495
73,E1-1,NA,NA,NA,67.9375,NA,3.6875,1.5625,NA,NA,NA,NA,NA,NA,0.0625,NA,E,L,16.2338042,0.51,83.39129301
74,E1-2,NA,NA,NA,23.125,NA,0.0625,NA,NA,NA,NA,NA,NA,NA,NA,NA,E,H,16.2338042,0.51,83.39129301
75,E10-1,NA,NA,22.875,49.25,NA,3.1875,NA,NA,NA,NA,NA,NA,NA,NA,NA,E,L,35.65070725,1.12,96.49546881
76,E10-2,NA,NA,NA,13.125,NA,29.625,NA,NA,NA,NA,NA,NA,NA,NA,NA,E,H,35.65070725,1.12,96.49546881
77,E2-1,NA,NA,NA,10.3125,NA,NA,NA,NA,NA,NA,NA,NA,NA,NA,NA,E,L,11.77746579,0.37,88.87358777
78,E2-2,NA,NA,NA,9.875,NA,NA,NA,NA,NA,NA,NA,NA,NA,NA,NA,E,H,11.77746579,0.37,88.87358777
79,E3-1,NA,NA,0.0625,0.0625,NA,0.3125,19.1875,NA,NA,14.6875,NA,NA,1.9375,NA,NA,E,L,37.87887646,1.19,96.98237573
80,E3-2,NA,NA,3.75,37.8125,NA,NA,NA,NA,3.4375,NA,NA,NA,0.0625,NA,NA,E,H,37.87887646,1.19,96.98237573
81,E4-1,NA,NA,NA,5.625,NA,0.125,46.875,NA,NA,NA,NA,NA,NA,NA,NA,E,L,44.24507418,1.39,91.91322104
82,E4-2,NA,NA,NA,49.0625,NA,13.125,NA,NA,NA,NA,NA,NA,NA,NA,NA,E,H,44.24507418,1.39,91.91322104
83,E5-1,NA,NA,4.375,0.9375,NA,0.375,27.3125,NA,NA,NA,NA,NA,0.3125,35.8125,NA,E,L,16.87042397,0.53,95.12389538
84,E5-2,NA,NA,NA,2.5,NA,16.25,NA,NA,NA,NA,NA,NA,NA,NA,NA,E,H,16.87042397,0.53,95.12389538
85,E6-1,NA,NA,NA,3.5,NA,10.5,20.0625,NA,NA,NA,2.625,NA,NA,20.9375,NA,E,L,42.97183463,1.35,89.48889707
86,E6-2,NA,NA,NA,NA,NA,3.1875,4.0625,NA,NA,NA,NA,NA,NA,NA,NA,E,H,42.97183463,1.35,89.48889707
87,E7-1,NA,NA,NA,2.5625,NA,4,NA,NA,NA,NA,NA,NA,NA,NA,NA,E,L,20.05352283,0.63,73.84833795
88,E7-2,NA,NA,2.5,26,NA,NA,NA,NA,NA,NA,NA,NA,NA,NA,NA,E,H,20.05352283,0.63,73.84833795
89,E8-2,NA,NA,6.5625,14.75,NA,0.3125,NA,NA,NA,NA,NA,NA,NA,NA,NA,E,H,42.65352475,1.34,96.89596709
90,E9-2,NA,NA,NA,35.9375,NA,22.25,NA,NA,NA,NA,NA,NA,NA,NA,NA,E,H,27.37465021,0.86,92.5111454
91,F1-1,NA,NA,NA,3.125,NA,30,NA,NA,NA,NA,NA,NA,NA,NA,NA,F,L,14.00563499,0.44,88.71162615
92,F1-2,NA,NA,NA,7.5625,NA,6.625,NA,NA,NA,NA,NA,NA,NA,NA,NA,F,H,14.00563499,0.44,88.71162615
93,F10-1,NA,NA,NA,18.4375,NA,NA,NA,NA,NA,NA,NA,NA,NA,NA,NA,F,L,24.50986124,0.77,81.66564064
94,F10-2,NA,NA,NA,5.1875,NA,NA,NA,NA,NA,NA,NA,NA,NA,NA,NA,F,H,24.50986124,0.77,81.66564064
95,F2-1,NA,NA,NA,5.75,NA,11.75,NA,NA,NA,6.875,NA,NA,NA,NA,NA,F,L,19.41690306,0.61,92.33265223
96,F2-2,NA,NA,NA,9.375,NA,11.75,NA,NA,NA,NA,NA,NA,NA,NA,NA,F,H,19.41690306,0.61,92.33265223
97,F3-1,NA,NA,NA,40,NA,11,NA,NA,NA,NA,NA,NA,NA,NA,NA,F,L,12.73239545,0.4,71.89793183
98,F3-2,NA,NA,NA,4.6875,NA,28.75,NA,NA,NA,NA,NA,0.3125,NA,NA,NA,F,H,12.73239545,0.4,71.89793183
99,F4-1,NA,NA,NA,19.0625,NA,NA,NA,NA,NA,NA,NA,NA,NA,NA,NA,F,L,18.14366351,0.57,61.84872018
100,F4-2,NA,NA,NA,16.25,NA,NA,NA,NA,NA,NA,NA,NA,NA,NA,NA,F,H,18.14366351,0.57,61.84872018
101,F5-1,NA,NA,NA,54.6875,NA,23.75,NA,NA,NA,NA,NA,NA,NA,NA,NA,F,L,32.1492985,1.01,72.7278239
102,F5-2,NA,NA,NA,36.25,NA,36.25,NA,NA,NA,NA,NA,NA,NA,NA,NA,F,H,32.1492985,1.01,72.7278239
103,F6-1,NA,NA,NA,11.3125,NA,36.25,NA,NA,0.625,NA,NA,NA,NA,NA,NA,F,L,14.32394488,0.45,85.8029752
104,F6-2,NA,NA,NA,9.0625,NA,18.75,NA,NA,0.3125,NA,NA,NA,NA,NA,NA,F,H,14.32394488,0.45,85.8029752
105,F7-1,NA,NA,NA,0.75,NA,2.6875,NA,NA,NA,NA,NA,NA,NA,NA,NA,F,L,15.27887454,0.48,87.73648262
106,F7-2,NA,NA,NA,1.875,NA,7.0625,NA,NA,NA,NA,NA,NA,NA,NA,NA,F,H,15.27887454,0.48,87.73648262
107,F8-1,NA,NA,NA,6.0625,NA,NA,NA,NA,0.9375,5.9375,NA,NA,NA,NA,NA,F,L,22.28169203,0.7,74.09000033
108,F8-2,NA,NA,NA,20.625,NA,NA,NA,NA,NA,NA,NA,NA,NA,NA,NA,F,H,22.28169203,0.7,74.09000033
109,F9-1,NA,NA,NA,9,NA,16.3125,NA,NA,NA,16.125,NA,0.0625,NA,NA,NA,F,L,15.91549431,0.5,86.17605651
110,F9-2,NA,NA,NA,NA,NA,14,NA,NA,NA,NA,NA,NA,NA,NA,NA,F,H,15.91549431,0.5,86.17605651
111,G1-1,NA,NA,NA,3.8125,NA,42.8125,NA,NA,NA,NA,NA,NA,NA,NA,NA,G,L,28.64788976,0.9,91.83234938
112,G1-2,1.25,NA,NA,18.625,NA,6.1875,NA,NA,NA,NA,NA,NA,0.625,NA,NA,G,H,28.64788976,0.9,91.83234938
113,G10-1,NA,NA,NA,49.375,NA,NA,NA,NA,0.0625,NA,NA,NA,NA,NA,NA,G,L,20.37183272,0.64,85.73477509
114,G10-2,NA,NA,NA,30,NA,2.625,NA,NA,0.625,NA,NA,NA,NA,NA,NA,G,H,20.37183272,0.64,85.73477509
115,G2-1,43.125,NA,6.3125,0.5,NA,NA,NA,NA,NA,36.5625,0.375,NA,NA,NA,NA,G,L,124.7774754,3.92,92.57164534
116,G2-2,0.9375,NA,87.125,3.75,NA,0.1875,NA,NA,NA,NA,NA,NA,NA,NA,NA,G,H,124.7774754,3.92,92.57164534
117,G3-1,NA,NA,30.3125,6.25,NA,NA,NA,NA,NA,16.4375,NA,NA,9.6875,NA,NA,G,L,47.74648293,1.5,88.20589547
118,G3-2,NA,NA,NA,31.25,NA,1.9375,NA,NA,NA,NA,NA,NA,NA,NA,NA,G,H,47.74648293,1.5,88.20589547
119,G4-1,NA,NA,NA,30.3125,NA,0.125,NA,NA,5,8.125,NA,NA,NA,NA,NA,G,L,19.09859317,0.6,82.50833325
120,G4-2,NA,NA,NA,43.125,NA,0.125,NA,NA,NA,NA,NA,NA,NA,NA,NA,G,H,19.09859317,0.6,82.50833325
121,G5-1,NA,NA,NA,69.375,NA,8.5625,NA,NA,2.9375,NA,NA,NA,NA,NA,NA,G,L,15.59718442,0.49,95.93668037
122,G5-2,NA,NA,NA,55,NA,16.875,NA,NA,10,NA,NA,NA,NA,NA,NA,G,H,15.59718442,0.49,95.93668037
123,G6-1,NA,NA,NA,46.25,NA,NA,NA,NA,NA,NA,NA,NA,NA,NA,NA,G,L,15.59718442,0.49,92.84492209
124,G6-2,NA,NA,NA,0.0625,NA,11.125,NA,NA,NA,NA,NA,NA,NA,NA,NA,G,H,15.59718442,0.49,92.84492209
125,G7-1,NA,NA,NA,79.9375,NA,NA,NA,NA,NA,16,3.125,NA,NA,NA,NA,G,L,33.74084794,1.06,92.83525719
126,G7-2,9.6875,NA,4.0625,45,NA,NA,NA,NA,NA,NA,NA,NA,NA,NA,NA,G,H,33.74084794,1.06,92.83525719
127,G8-1,NA,NA,NA,5.625,NA,57.5,NA,NA,0.3125,NA,NA,NA,NA,NA,NA,G,L,22.28169203,0.7,93.98398205
128,G8-2,NA,NA,NA,67.5625,NA,2.3125,NA,NA,7.3125,NA,NA,NA,NA,NA,NA,G,H,22.28169203,0.7,93.98398205
129,G9-1,7.5,NA,27.1875,5.9375,NA,0.0625,NA,NA,NA,18.4375,NA,NA,5.6875,NA,NA,G,L,30.23943919,0.95,87.885991
130,G9-2,NA,NA,NA,14.6875,NA,7.5,NA,NA,NA,NA,NA,NA,NA,NA,NA,G,H,30.23943919,0.95,87.885991
131,H1-1,NA,NA,1.875,17.8125,NA,NA,NA,NA,NA,NA,6.4375,NA,0.3125,0.375,NA,H,L,21.00845249,0.66,92.92220166
132,H1-2,NA,NA,2.5625,59.6875,NA,2.1875,NA,NA,NA,NA,NA,NA,NA,NA,NA,H,H,21.00845249,0.66,92.92220166
133,H10-1,NA,NA,NA,NA,NA,73.125,NA,NA,NA,NA,NA,NA,NA,NA,NA,H,L,22.91831181,0.72,91.89004114
134,H10-2,NA,NA,NA,NA,NA,57.1875,NA,NA,NA,NA,NA,NA,NA,NA,NA,H,H,22.91831181,0.72,91.89004114
135,H2-1,NA,NA,NA,4.1875,NA,0.625,43.75,NA,3.125,10.625,NA,NA,NA,1.9375,NA,H,L,37.56056657,1.18,90.81677002
136,H2-2,NA,NA,NA,2.8125,NA,3.25,NA,NA,0.125,NA,NA,2.8125,NA,NA,NA,H,H,37.56056657,1.18,90.81677002
137,H3-1,NA,NA,NA,40.9375,NA,NA,NA,NA,NA,NA,NA,NA,NA,0.0625,NA,H,L,24.19155135,0.76,93.16532271
138,H3-2,NA,NA,NA,23.5,NA,0.0625,NA,NA,NA,NA,NA,NA,NA,NA,NA,H,H,24.19155135,0.76,93.16532271
139,H4-1,NA,NA,0.75,90.1875,NA,NA,NA,NA,1,NA,NA,NA,NA,NA,NA,H,L,31.83098862,1,94.28700767
140,H4-2,NA,NA,24.0625,41.25,NA,1.5625,NA,NA,2.5,NA,3.75,NA,NA,NA,NA,H,H,31.83098862,1,94.28700767
141,H5-1,NA,NA,NA,80.625,NA,NA,NA,NA,0.625,NA,NA,NA,NA,NA,NA,H,L,29.28450953,0.92,88.95016281
142,H5-2,NA,NA,13.75,41.25,NA,NA,NA,NA,3.125,NA,NA,NA,NA,NA,NA,H,H,29.28450953,0.92,88.95016281
143,H6-1,NA,NA,0.3125,2.1875,NA,NA,NA,NA,1.3125,NA,NA,NA,0.0625,31.25,NA,H,L,42.65352475,1.34,98.19607577
144,H6-2,NA,NA,NA,2.875,NA,NA,NA,NA,NA,NA,NA,NA,NA,NA,NA,H,H,42.65352475,1.34,98.19607577
145,H7-1,NA,NA,NA,12,NA,0.6875,NA,NA,NA,NA,46.5,NA,NA,2.25,NA,H,L,42.97183463,1.35,89.15246104
146,H7-2,NA,NA,NA,51.0625,NA,7.1875,NA,0.3125,NA,NA,28.4375,NA,NA,NA,NA,H,H,42.97183463,1.35,89.15246104
147,H8-1,NA,NA,NA,0.5,NA,NA,NA,NA,0.0625,NA,NA,NA,NA,NA,NA,H,L,9.867606472,0.31,
148,H8-2,NA,NA,NA,37.5,NA,4.6875,NA,NA,21.75,NA,NA,NA,NA,NA,NA,H,H,9.867606472,0.31,
149,H9-1,NA,NA,77.375,NA,NA,NA,3.5625,NA,NA,NA,NA,NA,NA,NA,NA,H,L,20.37183272,0.64,97.10210548
150,H9-2,NA,NA,33.4375,3.125,NA,14.6875,NA,NA,14.375,NA,NA,NA,NA,NA,NA,H,H,20.37183272,0.64,97.10210548
151,I1-1,NA,NA,NA,55,NA,3.125,NA,NA,NA,NA,NA,NA,NA,NA,NA,I,L,35.01408748,1.1,95.26871023
152,I1-2,0.0625,NA,1.5625,19.4375,NA,4.5,NA,NA,1.375,NA,NA,NA,NA,NA,NA,I,H,35.01408748,1.1,95.26871023
153,I10-1,NA,NA,NA,7.8125,NA,18.8125,NA,NA,NA,NA,NA,NA,NA,NA,NA,I,L,12.41408556,0.39,92.14090205
154,I10-2,NA,NA,NA,5.9375,NA,17.1875,NA,NA,NA,NA,NA,NA,NA,NA,NA,I,H,12.41408556,0.39,92.14090205
155,I2-1,8.8125,NA,NA,18.4375,NA,0.4375,NA,NA,0.0625,65.4375,NA,NA,NA,NA,NA,I,L,24.82817112,0.78,89.79858095
156,I2-2,NA,NA,NA,28.125,NA,33.4375,NA,NA,18.75,NA,NA,0.3125,NA,NA,NA,I,H,24.82817112,0.78,89.79858095
157,I3-1,NA,NA,0.3125,24.375,NA,NA,NA,NA,0.0625,NA,NA,NA,8.4375,0.125,NA,I,L,45.20000384,1.42,
158,I3-2,NA,NA,67.5,10,NA,16.25,NA,NA,NA,NA,NA,NA,NA,NA,NA,I,H,45.20000384,1.42,
159,I4-1,NA,NA,NA,64.5625,NA,12.3125,NA,NA,NA,NA,NA,NA,NA,NA,NA,I,L,21.64507226,0.68,95.28819881
160,I4-2,NA,NA,NA,78.6875,NA,6.3125,NA,NA,NA,NA,NA,NA,NA,NA,NA,I,H,21.64507226,0.68,95.28819881
161,I5-1,NA,NA,0.0625,9.6875,NA,4.0625,NA,NA,NA,40.0625,NA,NA,0.3125,NA,NA,I,L,36.60563691,1.15,92.3326423
162,I5-2,NA,NA,NA,NA,NA,6.125,NA,NA,NA,NA,NA,NA,NA,NA,NA,I,H,36.60563691,1.15,92.3326423
163,I6-1,NA,NA,NA,21.625,NA,8.125,NA,NA,NA,NA,NA,NA,NA,NA,NA,I,L,19.41690306,0.61,84.3584486
164,I6-2,NA,NA,NA,10.625,NA,53.4375,NA,NA,0.3125,NA,NA,NA,NA,NA,NA,I,H,19.41690306,0.61,84.3584486
165,I7-1,12.3125,NA,30.6875,10.3125,NA,NA,NA,NA,NA,39.625,NA,NA,NA,NA,NA,I,L,26.73803044,0.84,
166,I7-2,NA,NA,NA,14.6875,NA,1.0625,NA,NA,33.4375,NA,NA,NA,0.625,NA,NA,I,H,26.73803044,0.84,
167,I8-1,NA,NA,NA,NA,NA,71.5625,NA,NA,NA,NA,NA,NA,NA,NA,NA,I,L,101.8591636,3.2,89.59561789
168,I8-2,NA,NA,NA,28.1875,NA,NA,NA,NA,0.3125,NA,NA,NA,NA,NA,NA,I,H,101.8591636,3.2,89.59561789
169,I9-1,NA,NA,NA,NA,NA,89.0625,NA,NA,NA,NA,NA,NA,NA,NA,NA,I,L,13.36901522,0.42,74.42562268
170,I9-2,NA,NA,NA,3.4375,NA,NA,NA,NA,NA,NA,NA,NA,NA,NA,NA,I,H,13.36901522,0.42,74.42562268
171,J1-1,NA,NA,NA,NA,NA,43.125,NA,NA,NA,NA,NA,NA,NA,NA,NA,J,L,23.23662169,0.73,94.12150357
172,J1-2,NA,NA,NA,13,NA,27.1875,NA,NA,NA,NA,NA,NA,NA,NA,NA,J,H,23.23662169,0.73,94.12150357
173,J10-1,NA,NA,NA,24.0625,NA,0.3125,NA,NA,NA,NA,NA,NA,NA,NA,NA,J,L,35.96901714,1.13,98.64762739
174,J10-2,NA,NA,NA,12.875,NA,NA,NA,NA,NA,NA,NA,NA,NA,NA,NA,J,H,35.96901714,1.13,98.64762739
175,J2-1,0.0625,NA,NA,56.875,NA,1.0625,NA,NA,NA,NA,2.8125,NA,NA,NA,NA,J,L,25.46479089,0.8,76.31867443
176,J2-2,NA,NA,NA,0.125,NA,8.125,NA,NA,0.125,NA,NA,NA,NA,NA,NA,J,H,25.46479089,0.8,76.31867443
177,J3-1,NA,NA,NA,50,NA,0.0625,NA,NA,0.0625,NA,NA,NA,NA,NA,NA,J,L,35.96901714,1.13,
178,J3-2,NA,0.0625,NA,4.75,NA,36.875,NA,NA,NA,NA,NA,NA,NA,NA,NA,J,H,35.96901714,1.13,
179,J4-1,NA,NA,0.9375,64.0625,NA,5.0625,NA,NA,1.875,NA,NA,NA,3.4375,NA,NA,J,L,28.32957987,0.89,93.68995651
180,J4-2,NA,NA,NA,18.1875,NA,NA,NA,NA,NA,NA,NA,NA,NA,NA,NA,J,H,28.32957987,0.89,93.68995651
181,J5-1,NA,NA,NA,59.0625,NA,NA,NA,NA,NA,NA,NA,NA,NA,NA,NA,J,L,25.46479089,0.8,66.75080296
182,J5-2,NA,NA,NA,5.0625,NA,35.3125,NA,NA,0.3125,NA,NA,NA,NA,NA,NA,J,H,25.46479089,0.8,66.75080296
183,J6-1,NA,NA,NA,15.0625,NA,NA,NA,NA,NA,NA,NA,NA,NA,NA,NA,J,L,63.02535746,1.98,96.6725827
184,J6-2,NA,NA,3.875,22.5625,NA,NA,NA,NA,NA,NA,42.125,NA,NA,NA,NA,J,H,63.02535746,1.98,96.6725827
185,J7-1,NA,NA,NA,1.25,NA,3.75,NA,NA,NA,NA,24.375,NA,NA,2.8125,NA,J,L,21.32676237,0.67,86.31870817
186,J7-2,NA,NA,NA,55.3125,NA,21.875,NA,NA,NA,NA,NA,5.0625,NA,NA,NA,J,H,21.32676237,0.67,86.31870817
187,J8-1,NA,NA,NA,7.8125,NA,4.125,NA,NA,NA,NA,NA,NA,NA,10,NA,J,L,22.60000192,0.71,77.30870231
188,J8-2,NA,NA,NA,7.8125,NA,33.4375,NA,NA,NA,NA,NA,NA,NA,NA,NA,J,H,22.60000192,0.71,77.30870231
189,J9-1,NA,NA,NA,16.5625,NA,NA,NA,NA,NA,NA,NA,NA,NA,1.3125,NA,J,L,16.55211408,0.52,92.367561
190,J9-2,NA,NA,1,8.1875,NA,0.75,NA,NA,1.5625,NA,NA,NA,NA,2,NA,J,H,16.55211408,0.52,92.367561
191,K1-1,NA,NA,NA,31.9375,NA,40.125,NA,NA,NA,NA,NA,NA,NA,NA,NA,K,L,49.33803236,1.55,87.30184955
192,K1-2,NA,NA,NA,28.75,NA,NA,NA,NA,NA,NA,NA,NA,NA,NA,NA,K,H,49.33803236,1.55,87.30184955
193,K10-1,NA,NA,NA,NA,NA,7.1875,NA,NA,NA,NA,NA,NA,NA,NA,NA,K,L,24.50986124,0.77,62.24134961
194,K10-2,NA,NA,NA,NA,NA,10.6875,NA,NA,NA,NA,NA,NA,NA,NA,NA,K,H,24.50986124,0.77,62.24134961
195,K2-1,NA,2.5,NA,59.375,NA,NA,NA,NA,NA,NA,NA,NA,NA,NA,NA,K,L,13.68732511,0.43,95.99512627
196,K2-2,NA,0.0625,NA,8.4375,NA,NA,NA,NA,NA,NA,NA,NA,NA,NA,NA,K,H,13.68732511,0.43,95.99512627
197,K3-1,NA,NA,NA,21.5625,NA,3.75,NA,NA,NA,NA,NA,NA,NA,NA,NA,K,L,23.87324146,0.75,90.559231
198,K3-2,NA,NA,NA,0.625,NA,0.0625,NA,NA,NA,NA,NA,NA,NA,NA,NA,K,H,23.87324146,0.75,90.559231
199,K4-1,NA,NA,NA,3.5625,NA,NA,NA,NA,NA,NA,NA,NA,NA,NA,NA,K,L,50.92958179,1.6,96.63384369
200,K4-2,NA,NA,18.75,19.8125,NA,0.0625,NA,NA,2.5625,NA,NA,NA,NA,NA,NA,K,H,50.92958179,1.6,96.63384369
201,K5-1,NA,NA,NA,52.5625,NA,0.625,NA,NA,NA,NA,NA,NA,NA,NA,NA,K,L,7.957747155,0.25,90.57241854
202,K5-2,0.3125,NA,NA,20.3125,NA,NA,NA,NA,NA,NA,NA,NA,NA,NA,NA,K,H,7.957747155,0.25,90.57241854
203,K6-1,NA,NA,NA,34.375,NA,NA,NA,NA,NA,51.5625,NA,NA,NA,NA,NA,K,L,25.46479089,0.8,83.85317438
204,K6-2,NA,NA,NA,11.25,NA,NA,NA,NA,NA,NA,NA,NA,NA,NA,NA,K,H,25.46479089,0.8,83.85317438
205,K7-1,NA,NA,NA,54.6875,NA,NA,NA,NA,NA,NA,NA,NA,NA,NA,NA,K,L,11.14084602,0.35,92.01471249
206,K7-2,NA,NA,NA,51.5625,NA,NA,NA,NA,NA,NA,NA,NA,NA,NA,NA,K,H,11.14084602,0.35,92.01471249
207,K8-1,NA,NA,NA,26.5625,NA,1.625,NA,NA,NA,NA,NA,NA,NA,NA,NA,K,L,5.729577951,0.18,
208,K8-2,NA,NA,NA,31.25,NA,NA,NA,NA,NA,NA,NA,NA,NA,NA,NA,K,H,5.729577951,0.18,
209,K9-1,6.3125,NA,NA,82.9375,NA,NA,NA,NA,0.625,26.5625,NA,NA,4.0625,3.75,NA,K,L,35.65070725,1.12,93.50224496
210,K9-2,NA,NA,NA,21.3125,NA,NA,NA,NA,NA,NA,NA,NA,NA,NA,NA,K,H,35.65070725,1.12,93.50224496
211,L1-1,10.3125,NA,NA,0.5625,NA,1.375,NA,NA,NA,1.5625,NA,NA,NA,NA,NA,L,L,23.87324146,0.75,76.91236171
212,L1-2,11.25,NA,NA,0.375,NA,2.8125,NA,NA,NA,NA,NA,NA,NA,NA,NA,L,H,23.87324146,0.75,76.91236171
213,L10-1,NA,NA,NA,NA,NA,2.1875,NA,NA,NA,NA,NA,NA,NA,NA,NA,L,L,21.64507226,0.68,79.2437577
214,L10-2,NA,NA,NA,2.25,NA,7.0625,NA,NA,NA,NA,NA,NA,NA,NA,NA,L,H,21.64507226,0.68,79.2437577
215,L2-1,NA,NA,NA,23.1875,NA,7.875,NA,NA,NA,NA,NA,NA,0.75,0.3125,NA,L,L,15.27887454,0.48,92.81805087
216,L2-2,NA,NA,NA,70,NA,3.1875,NA,NA,NA,NA,NA,NA,NA,NA,NA,L,H,15.27887454,0.48,92.81805087
217,L3-1,18.875,NA,NA,43.4375,NA,0.0625,NA,NA,NA,NA,NA,NA,1.875,0.6875,NA,L,L,26.10141067,0.82,89.42387228
218,L3-2,NA,0.0625,NA,42.1875,NA,19.1875,NA,NA,NA,NA,NA,NA,NA,NA,NA,L,H,26.10141067,0.82,89.42387228
219,L4-1,NA,NA,NA,79.3125,NA,14.1875,NA,NA,NA,NA,NA,NA,NA,NA,NA,L,L,22.28169203,0.7,93.8296313
220,L4-2,NA,NA,NA,21.25,NA,NA,NA,NA,1.25,NA,NA,NA,NA,NA,NA,L,H,24.50986124,0.77,93.8296313
221,L5-1,NA,NA,NA,7.5,NA,NA,NA,NA,NA,NA,NA,NA,NA,NA,NA,L,L,13.05070533,0.41,95.88208456
222,L5-2,NA,NA,NA,31,NA,2.875,NA,NA,NA,NA,NA,NA,NA,NA,NA,L,H,13.05070533,0.41,95.88208456
223,L6-1,NA,NA,NA,51.875,NA,0.75,NA,NA,NA,NA,8.4375,NA,0.0625,NA,NA,L,L,20.6901426,0.65,92.67391078
224,L6-2,NA,NA,NA,11.875,NA,30.9375,NA,NA,0.9375,NA,0.9375,NA,NA,0.625,NA,L,H,20.6901426,0.65,92.67391078
225,L7-1,NA,0.9375,NA,83.4375,NA,2.25,NA,NA,NA,NA,NA,NA,NA,NA,NA,L,L,15.91549431,0.5,89.42576756
226,L7-2,NA,NA,NA,40.3125,NA,29.6875,NA,NA,NA,NA,NA,NA,NA,NA,NA,L,H,15.91549431,0.5,89.42576756
227,L8-1,NA,NA,NA,6.3125,NA,22.3125,NA,NA,NA,NA,NA,NA,NA,NA,NA,L,L,16.87042397,0.53,89.45906882
228,L8-2,NA,NA,NA,21.875,NA,2.5625,NA,NA,0.625,NA,NA,NA,NA,NA,NA,L,H,16.87042397,0.53,89.45906882
229,L9-1,NA,NA,NA,26.875,NA,29.125,NA,NA,NA,NA,NA,NA,NA,NA,NA,L,L,31.19436885,0.98,77.60504981
230,L9-2,NA,NA,NA,39.125,NA,43.75,NA,NA,1.25,NA,NA,NA,NA,NA,NA,L,H,31.19436885,0.98,77.60504981
231,M1-1,NA,NA,NA,43.4375,NA,4.5,NA,NA,NA,NA,NA,NA,NA,NA,NA,M,L,28.32957987,0.89,86.2739658
232,M1-2,NA,NA,NA,12.1875,NA,24.375,NA,NA,NA,NA,NA,NA,NA,NA,NA,M,H,28.32957987,0.89,86.2739658
233,M10-1,49.5,NA,34.125,NA,NA,NA,NA,NA,NA,NA,NA,NA,NA,NA,NA,M,L,120.9577567,3.8,86.13626567
234,M10-2,54.0625,NA,1.5625,1.25,NA,NA,NA,NA,NA,NA,NA,NA,NA,NA,NA,M,H,120.9577567,3.8,86.13626567
235,M2-1,NA,NA,NA,44.375,NA,2.625,NA,NA,NA,NA,NA,NA,NA,NA,NA,M,L,25.46479089,0.8,84.63948506
236,M2-2,NA,NA,NA,6.5625,NA,29.375,NA,NA,NA,NA,NA,NA,NA,NA,NA,M,H,25.46479089,0.8,84.63948506
237,M3-1,13.5,NA,NA,4.6875,NA,NA,NA,NA,NA,NA,NA,NA,NA,30,NA,M,L,27.37465021,0.86,89.51951914
238,M3-2,NA,NA,NA,40.5,NA,NA,NA,NA,NA,NA,NA,NA,NA,NA,NA,M,H,27.37465021,0.86,89.51951914
239,M4-1,69.6875,NA,NA,NA,NA,0.0625,NA,NA,NA,16.5625,NA,NA,NA,NA,NA,M,L,70.02817496,2.2,91.67865353
240,M4-2,1.25,NA,NA,2.1875,NA,31.625,NA,NA,NA,NA,NA,NA,NA,NA,NA,M,H,70.02817496,2.2,91.67865353
241,M5-1,NA,NA,NA,37.8125,NA,0.6875,NA,NA,NA,NA,16.9375,NA,1.5625,6.125,NA,M,L,37.56056657,1.18,86.39485652
242,M5-2,NA,NA,NA,35,NA,21.25,NA,NA,5.625,NA,NA,NA,1.9375,NA,NA,M,H,37.56056657,1.18,86.39485652
243,M6-1,1.1875,NA,NA,14.0625,NA,NA,NA,NA,0.9375,8.5,NA,NA,NA,NA,NA,M,L,35.01408748,1.1,88.37055613
244,M6-2,NA,NA,NA,17.5625,NA,7.6875,NA,NA,6.25,NA,NA,NA,NA,NA,NA,M,H,35.01408748,1.1,88.37055613
245,M7-1,67.5,NA,NA,0.3125,NA,NA,NA,NA,NA,NA,NA,NA,NA,NA,NA,M,L,25.78310078,0.81,87.42365318
246,M7-2,29.4375,NA,NA,NA,NA,NA,NA,NA,NA,NA,NA,NA,NA,11.5625,NA,M,H,25.78310078,0.81,87.42365318
247,M8-1,NA,NA,NA,4.375,NA,37.5,NA,NA,NA,NA,NA,NA,NA,9.6875,NA,M,L,10.18591636,0.32,73.7405653
248,M8-2,NA,NA,NA,4.6875,NA,14.0625,NA,NA,NA,NA,NA,NA,NA,NA,NA,M,H,10.18591636,0.32,73.7405653
249,M9-1,6.5625,NA,2.875,4.375,NA,13.1875,NA,NA,NA,31.9375,NA,NA,1.5625,NA,NA,M,L,48.06479281,1.51,97.58061763
250,M9-2,0.0625,NA,2.5,16.5625,NA,14.1875,NA,NA,NA,NA,NA,NA,NA,NA,NA,M,H,48.06479281,1.51,97.58061763
251,N1-1,NA,NA,NA,3.8125,NA,0.5625,NA,NA,9.375,NA,NA,NA,NA,NA,NA,N,L,12.73239545,0.4,92.76654108
252,N1-2,NA,NA,NA,4,NA,0.375,NA,NA,NA,NA,NA,NA,NA,NA,NA,N,H,12.73239545,0.4,92.76654108
253,N10-1,NA,NA,NA,4.5,NA,NA,NA,NA,NA,79.625,NA,NA,NA,NA,NA,N,L,20.6901426,0.65,81.07477146
254,N10-2,NA,NA,NA,6.9375,NA,NA,NA,NA,NA,NA,NA,NA,NA,NA,NA,N,H,20.6901426,0.65,81.07477146
255,N2-1,NA,NA,NA,26.5625,NA,15.9375,NA,NA,NA,NA,NA,NA,NA,NA,NA,N,L,49.33803236,1.55,88.14462155
256,N2-2,NA,NA,NA,0.5,NA,18.5,NA,NA,35.625,NA,NA,NA,NA,NA,NA,N,H,49.33803236,1.55,88.14462155
257,N3-1,NA,NA,NA,16.625,NA,1.3125,NA,NA,61.5,NA,NA,NA,NA,NA,NA,N,L,29.28450953,0.92,92.04172263
258,N3-2,NA,NA,NA,NA,NA,28.75,NA,NA,23.75,NA,NA,NA,NA,NA,NA,N,H,29.28450953,0.92,92.04172263
259,N4-1,NA,NA,NA,NA,NA,19.4375,NA,NA,NA,NA,NA,NA,NA,NA,NA,N,L,22.91831181,0.72,87.33161826
260,N4-2,NA,NA,NA,NA,NA,53.125,NA,NA,NA,NA,NA,NA,NA,NA,NA,N,H,22.91831181,0.72,87.33161826
261,N5-1,NA,NA,NA,25,NA,NA,NA,NA,NA,NA,NA,NA,NA,NA,NA,N,L,19.73521294,0.62,90.84878131
262,N5-2,NA,NA,NA,5.125,NA,NA,NA,NA,0.9375,NA,NA,NA,NA,NA,NA,N,H,19.73521294,0.62,90.84878131
263,N6-1,NA,NA,NA,55.3125,NA,NA,NA,NA,0.625,NA,NA,NA,NA,NA,NA,N,L,18.78028328,0.59,
264,N6-2,NA,NA,NA,22.1875,NA,NA,NA,NA,NA,NA,NA,NA,NA,NA,NA,N,H,18.78028328,0.59,
265,N7-1,NA,NA,NA,12.1875,NA,0.0625,NA,NA,NA,NA,NA,NA,NA,NA,NA,N,L,20.6901426,0.65,
266,N7-2,NA,NA,NA,1.3125,NA,NA,NA,NA,NA,NA,NA,NA,NA,NA,NA,N,H,20.6901426,0.65,
267,N8-1,NA,NA,NA,NA,NA,16.9375,NA,NA,NA,NA,NA,NA,NA,NA,NA,N,L,10.82253613,0.34,85.68060596
268,N8-2,NA,NA,NA,0.6875,NA,NA,NA,NA,NA,NA,NA,NA,NA,NA,NA,N,H,10.82253613,0.34,85.68060596
269,N9-1,NA,NA,NA,5.125,NA,NA,NA,NA,NA,NA,NA,NA,NA,NA,NA,N,L,25.78310078,0.81,93.31672636
270,N9-2,NA,NA,NA,27.5,NA,NA,NA,NA,0.9375,NA,NA,NA,NA,NA,NA,N,H,25.78310078,0.81,93.31672636
271,O1-1,17.1875,NA,10.1875,NA,NA,0.0625,NA,NA,NA,57.9375,12.6875,NA,NA,NA,NA,O,L,58.88732894,1.85,85.18204955
272,O1-2,5.9375,NA,3.4375,4.375,NA,0.3125,NA,NA,41.5625,1.875,9.0625,NA,NA,NA,NA,O,H,58.88732894,1.85,85.18204955
273,O10-1,NA,0.125,NA,15.125,NA,NA,NA,NA,NA,NA,NA,NA,NA,NA,NA,O,L,7.957747155,0.25,94.25334918
274,O10-2,NA,NA,NA,4.6875,NA,NA,NA,NA,NA,NA,NA,NA,NA,NA,NA,O,H,7.957747155,0.25,94.25334918
275,O2-1,NA,NA,21.5625,10.6875,NA,0.0625,NA,NA,0.3125,NA,NA,NA,NA,NA,NA,O,L,41.3802852,1.3,91.22863004
276,O2-2,NA,NA,NA,49.4375,NA,NA,NA,NA,1,NA,NA,NA,NA,NA,NA,O,H,41.3802852,1.3,91.22863004
277,O3-1,64.6875,NA,0.0625,NA,NA,NA,NA,NA,NA,0.0625,NA,NA,NA,NA,NA,O,L,39.78873577,1.25,97.85802231
278,O3-2,2.1875,NA,NA,3.625,NA,1.5625,NA,NA,NA,NA,16.25,NA,NA,NA,NA,O,H,39.78873577,1.25,97.85802231
279,O4-1,NA,NA,NA,17.5,NA,NA,NA,NA,NA,NA,NA,NA,NA,NA,NA,O,L,20.05352283,0.63,94.8006072
280,O4-2,NA,NA,NA,7.4375,NA,NA,NA,NA,2.8125,NA,NA,NA,NA,NA,NA,O,H,20.05352283,0.63,94.8006072
281,O5-1,NA,NA,NA,NA,NA,31,NA,NA,NA,NA,NA,NA,NA,8.125,NA,O,L,41.3802852,1.3,74.03003623
282,O5-2,NA,NA,NA,18.125,NA,29.5,NA,NA,NA,NA,NA,NA,NA,1.25,NA,O,H,41.3802852,1.3,74.03003623
283,O6-1,0.6875,NA,2.25,3.25,NA,0.1875,NA,NA,46.8125,NA,NA,NA,NA,0.625,NA,O,L,12.09577567,0.38,85.03185649
284,O6-2,NA,NA,NA,4.125,NA,31.25,NA,NA,3.125,NA,NA,NA,NA,NA,NA,O,H,12.09577567,0.38,85.03185649
285,O7-1,3.8125,NA,28.375,0.0625,NA,NA,NA,NA,NA,47.8125,NA,NA,NA,NA,NA,O,L,42.01690498,1.32,93.68195865
286,O7-2,60.625,NA,NA,NA,NA,NA,NA,NA,NA,NA,NA,NA,NA,NA,NA,O,H,42.01690498,1.32,93.68195865
287,O8-1,6.875,NA,0.9375,45.3125,NA,0.0625,NA,NA,NA,0.0625,NA,NA,NA,NA,NA,O,L,22.60000192,0.71,94.02476518
288,O8-2,NA,NA,NA,22.875,NA,2.5,NA,NA,15.9375,NA,NA,NA,NA,NA,NA,O,H,22.60000192,0.71,94.02476518
289,O9-1,NA,NA,NA,12.1875,NA,0.375,NA,NA,NA,NA,NA,NA,NA,NA,NA,O,L,14.32394488,0.45,90.94066739
290,O9-2,NA,NA,NA,27.625,NA,NA,NA,NA,NA,NA,NA,NA,NA,NA,NA,O,H,14.32394488,0.45,90.94066739
291,P1-1,0.3125,NA,NA,21.5625,NA,NA,NA,NA,0.3125,NA,NA,NA,NA,NA,NA,P,L,48.70141259,1.53,90.90087655
292,P1-2,2.5625,NA,NA,10.125,NA,2.8125,NA,NA,NA,NA,NA,NA,NA,NA,NA,P,H,48.70141259,1.53,90.90087655
293,P10-1,NA,NA,NA,37.875,NA,0.6875,NA,NA,NA,NA,NA,NA,NA,NA,NA,P,L,22.28169203,0.7,94.79543737
294,P10-2,NA,NA,NA,8.875,NA,43.125,NA,NA,NA,NA,NA,NA,NA,NA,NA,P,H,22.28169203,0.7,94.79543737
295,P2-1,NA,NA,NA,8.375,NA,NA,NA,NA,NA,NA,NA,NA,NA,NA,NA,P,L,34.69577759,1.09,92.70450309
296,P2-2,NA,NA,NA,1.875,NA,53.125,NA,NA,4.1875,NA,NA,0.375,NA,NA,NA,P,H,34.69577759,1.09,92.70450309
297,P3-1,NA,NA,NA,NA,NA,14.125,NA,NA,1.25,NA,NA,NA,NA,NA,0.0625,P,L,0,,72.48627067
298,P3-2,NA,NA,NA,1.6875,NA,7.3125,NA,NA,2.3125,NA,NA,NA,NA,NA,NA,P,H,0,,72.48627067
299,P4-1,NA,NA,NA,3.125,NA,1.3125,NA,NA,0.3125,NA,NA,NA,NA,NA,NA,P,L,16.87042397,0.53,62.02011849
300,P4-2,NA,NA,NA,NA,NA,6.0625,NA,NA,NA,NA,NA,4.375,NA,NA,NA,P,H,16.87042397,0.53,62.02011849
301,P5-1,NA,NA,NA,1.625,NA,8.8125,NA,NA,NA,NA,NA,NA,0.3125,1.25,NA,P,L,18.14366351,0.57,73.35275841
302,P5-2,NA,NA,NA,NA,NA,30.9375,NA,NA,NA,NA,NA,NA,NA,NA,NA,P,H,18.14366351,0.57,73.35275841
303,P6-1,NA,NA,NA,12.25,NA,0.6875,NA,NA,NA,29.0625,NA,NA,NA,NA,NA,P,L,27.05634033,0.85,93.81379434
304,P6-2,NA,NA,NA,9.25,NA,0.75,NA,NA,NA,NA,NA,NA,NA,NA,NA,P,H,27.05634033,0.85,93.81379434
305,P7-1,6.125,NA,13.3125,5.0625,NA,0.0625,NA,NA,NA,NA,NA,NA,NA,0.125,NA,P,L,42.97183463,1.35,83.08560806
306,P7-2,NA,NA,NA,65.25,NA,1,NA,NA,0.6875,NA,NA,NA,NA,NA,NA,P,H,42.97183463,1.35,83.08560806
307,P8-1,NA,10.375,NA,45,NA,0.125,NA,NA,NA,NA,1.3125,NA,NA,1,NA,P,L,30.55774907,0.96,94.66172625
308,P8-2,NA,0.3125,NA,21,NA,NA,NA,NA,NA,NA,20,NA,NA,NA,NA,P,H,30.55774907,0.96,94.66172625
309,P9-1,33.75,NA,NA,5,NA,NA,NA,NA,NA,3.5,22.8125,NA,NA,NA,NA,P,L,76.39437268,2.4,91.74671473
310,P9-2,98.5625,NA,NA,NA,NA,NA,NA,NA,NA,NA,NA,NA,NA,NA,NA,P,H,76.39437268,2.4,91.74671473
311,Q1-1,NA,NA,NA,14.5,NA,12.6875,NA,NA,NA,NA,NA,NA,NA,NA,NA,Q,L,28.32957987,0.89,81.92001426
312,Q1-2,NA,NA,NA,4.6875,NA,18.5,NA,NA,6.5625,NA,NA,NA,NA,NA,NA,Q,H,28.32957987,0.89,81.92001426
313,Q10-1,7,NA,NA,2.9375,NA,NA,NA,NA,0.3125,2.875,11.75,NA,NA,0.75,NA,Q,L,51.88451145,1.63,82.94835447
314,Q10-2,NA,NA,NA,0.375,NA,NA,NA,NA,0.3125,NA,NA,39.5,NA,NA,NA,Q,H,51.88451145,1.63,82.94835447
315,Q2-1,0.375,NA,NA,40,NA,NA,NA,NA,NA,NA,1.6875,NA,NA,NA,NA,Q,L,70.34648485,2.21,77.67067989
316,Q2-2,41,NA,NA,1.875,NA,NA,NA,NA,NA,NA,NA,NA,NA,NA,NA,Q,H,70.34648485,2.21,77.67067989
317,Q3-1,NA,NA,NA,3.75,NA,NA,NA,NA,NA,NA,NA,NA,NA,NA,NA,Q,L,18.4619734,0.58,94.25072953
318,Q3-2,NA,NA,NA,10.375,NA,0.0625,NA,NA,NA,NA,NA,NA,NA,NA,NA,Q,H,18.4619734,0.58,94.25072953
319,Q4-1,0.0625,NA,NA,10.9375,NA,0.0625,NA,NA,NA,NA,NA,NA,NA,NA,NA,Q,L,27.05634033,0.85,85.27950238
320,Q4-2,NA,NA,NA,20.9375,NA,7.3125,NA,NA,NA,NA,NA,NA,NA,NA,NA,Q,H,27.05634033,0.85,85.27950238
321,Q5-1,9.0625,NA,NA,0.0625,NA,9.0625,NA,NA,NA,41.625,NA,NA,NA,NA,NA,Q,L,71.30141451,2.24,78.48723557
322,Q5-2,0.3125,NA,NA,NA,NA,15.3125,NA,NA,NA,NA,NA,NA,NA,NA,NA,Q,H,71.30141451,2.24,78.48723557
323,Q6-1,NA,NA,NA,74.6875,NA,0.5625,NA,NA,0.625,NA,NA,NA,NA,NA,NA,Q,L,20.6901426,0.65,87.72346378
324,Q6-2,NA,NA,NA,2.5,NA,8.5,NA,NA,NA,NA,NA,NA,NA,NA,NA,Q,H,20.6901426,0.65,87.72346378
325,Q7-1,0.5625,NA,NA,16.5625,NA,2.875,NA,NA,0.3125,NA,NA,NA,NA,NA,NA,Q,L,27.05634033,0.85,94.76176896
326,Q7-2,NA,NA,NA,19.0625,NA,6.4375,NA,NA,3.4375,NA,NA,NA,NA,NA,NA,Q,H,27.05634033,0.85,94.76176896
327,Q8-1,NA,NA,NA,7,NA,11.375,NA,NA,NA,NA,NA,NA,NA,NA,NA,Q,L,41.3802852,1.3,88.05062189
328,Q8-2,NA,NA,NA,23.0625,NA,31.8125,NA,NA,NA,NA,NA,NA,NA,NA,NA,Q,H,41.3802852,1.3,88.05062189
329,Q9-1,NA,NA,NA,19.6875,NA,6.0625,NA,NA,0.3125,NA,NA,NA,NA,NA,NA,Q,L,13.68732511,0.43,89.94889308
330,Q9-2,NA,NA,NA,23.75,NA,NA,NA,NA,NA,NA,NA,NA,NA,NA,NA,Q,H,13.68732511,0.43,89.94889308
331,R1-1,NA,NA,NA,33.75,NA,NA,NA,NA,1.875,1.875,NA,NA,NA,NA,NA,R,L,31.83098862,1,92.40302545
332,R1-2,NA,NA,NA,5.5625,NA,18.1875,NA,NA,NA,NA,NA,NA,NA,NA,NA,R,H,31.83098862,1,92.40302545
333,R10-1,0.3125,NA,0.3125,6.875,NA,NA,NA,NA,0.3125,NA,0.0625,NA,NA,18.4375,NA,R,L,92.30986699,2.9,93.84712537
334,R10-2,NA,NA,2.1875,20.625,NA,7.1875,NA,NA,NA,NA,2.875,NA,NA,NA,NA,R,H,92.30986699,2.9,93.84712537
335,R2-1,2.8125,NA,NA,8.5625,NA,2,NA,NA,0.625,NA,16.875,NA,0.9375,NA,NA,R,L,30.55774907,0.96,87.42060685
336,R2-2,NA,NA,NA,8.125,NA,0.875,NA,NA,NA,NA,NA,NA,NA,NA,NA,R,H,30.55774907,0.96,87.42060685
337,R3-1,NA,NA,NA,57.8125,NA,1.8125,NA,NA,NA,NA,NA,NA,NA,NA,NA,R,L,23.55493158,0.74,83.39513317
338,R3-2,NA,NA,NA,9.6875,NA,7.375,NA,NA,NA,NA,NA,NA,NA,NA,NA,R,H,23.55493158,0.74,83.39513317
339,R4-1,NA,NA,NA,0.6875,NA,2.8125,NA,NA,NA,NA,NA,NA,NA,NA,NA,R,L,15.91549431,0.5,69.79591367
340,R4-2,NA,NA,NA,NA,NA,6.5625,NA,NA,NA,NA,NA,NA,NA,NA,NA,R,H,15.91549431,0.5,69.79591367
341,R5-1,NA,NA,NA,8.125,NA,14.6875,NA,NA,NA,NA,NA,NA,NA,4.4375,NA,R,L,14.32394488,0.45,72.38885753
342,R5-2,NA,NA,NA,1.75,NA,5.6875,NA,NA,NA,NA,NA,NA,NA,NA,NA,R,H,14.32394488,0.45,72.38885753
343,R6-1,5.9375,NA,NA,10.125,NA,1.75,NA,NA,0.625,NA,NA,NA,NA,3.125,NA,R,L,20.6901426,0.65,66.62247006
344,R6-2,NA,NA,NA,0.0625,NA,18.375,NA,NA,NA,NA,NA,NA,NA,NA,NA,R,H,20.6901426,0.65,66.62247006
345,R7-1,NA,NA,NA,6.375,NA,13.4375,NA,NA,NA,NA,17.1875,NA,NA,NA,NA,R,L,16.2338042,0.51,
346,R7-2,NA,NA,NA,7.0625,NA,5.875,NA,NA,NA,NA,NA,NA,NA,NA,NA,R,H,16.2338042,0.51,
347,R8-1,NA,NA,NA,16.3125,NA,37.5625,NA,NA,NA,NA,NA,NA,NA,0.3125,NA,R,L,18.78028328,0.59,47.10908128
348,R8-2,NA,NA,NA,13.875,NA,9.8125,NA,NA,NA,NA,NA,NA,NA,NA,NA,R,H,18.78028328,0.59,47.10908128
349,R9-1,27.1875,NA,NA,28.3125,NA,NA,NA,NA,NA,NA,NA,NA,NA,NA,NA,R,L,41.69859509,1.31,96.08703219
350,R9-2,NA,NA,NA,14.75,NA,4.6875,NA,NA,1,NA,NA,NA,NA,NA,NA,R,H,41.69859509,1.31,96.08703219
351,S1-1,NA,NA,NA,1.4375,NA,19.75,NA,NA,NA,NA,NA,NA,NA,NA,NA,S,L,20.6901426,0.65,87.32621028
352,S1-2,NA,NA,NA,1.1875,NA,16.875,NA,NA,NA,NA,NA,NA,NA,NA,NA,S,H,20.6901426,0.65,87.32621028
353,S10-1,NA,NA,NA,0.75,NA,7.5,NA,NA,NA,NA,NA,NA,NA,NA,NA,S,L,25.14648101,0.79,85.94255076
354,S10-2,NA,NA,NA,8.25,NA,55,NA,NA,NA,NA,NA,NA,NA,NA,NA,S,H,25.14648101,0.79,85.94255076
355,S2-1,0.3125,NA,NA,28.6875,NA,5.5,NA,NA,NA,NA,NA,NA,NA,NA,NA,S,L,21.64507226,0.68,76.36399233
356,S2-2,NA,NA,NA,NA,NA,9.4375,NA,NA,NA,NA,NA,NA,NA,NA,NA,S,H,21.64507226,0.68,76.36399233
357,S3-1,NA,NA,NA,45,NA,0.125,NA,NA,NA,NA,NA,NA,NA,NA,NA,S,L,37.56056657,1.18,91.24004137
358,S3-2,NA,NA,NA,19.375,NA,1.9375,NA,NA,NA,NA,NA,NA,NA,NA,NA,S,H,37.56056657,1.18,91.24004137
359,S4-1,NA,NA,NA,41.5625,NA,0.375,NA,NA,3.75,NA,NA,NA,NA,NA,NA,S,L,25.46479089,0.8,72.20694095
360,S4-2,NA,NA,NA,19.375,NA,6.8125,NA,NA,NA,NA,NA,NA,NA,NA,NA,S,H,25.46479089,0.8,72.20694095
361,S5-1,NA,NA,NA,13.5,NA,NA,NA,NA,NA,0.8125,19.8125,NA,NA,1.9375,NA,S,L,69.70986507,2.19,87.5771208
362,S5-2,NA,NA,NA,16.4375,NA,NA,NA,NA,NA,NA,NA,1.625,NA,NA,NA,S,H,69.70986507,2.19,87.5771208
363,S6-1,NA,NA,NA,25.75,NA,0.0625,NA,NA,0.3125,NA,NA,2.5625,NA,0.3125,NA,S,L,30.23943919,0.95,86.12994478
364,S6-2,NA,NA,NA,2.125,NA,5.8125,NA,NA,NA,NA,NA,12.5,NA,NA,NA,S,H,30.23943919,0.95,86.12994478
365,S7-1,NA,NA,NA,8.5,NA,0.0625,NA,NA,NA,NA,NA,NA,0.125,NA,NA,S,L,11.77746579,0.37,76.59186187
366,S7-2,NA,NA,NA,7.9375,NA,3.4375,NA,NA,NA,NA,NA,NA,NA,NA,NA,S,H,11.77746579,0.37,76.59186187
367,S8-1,NA,NA,NA,47.5,NA,NA,NA,NA,0.3125,NA,NA,NA,NA,NA,NA,S,L,27.37465021,0.86,87.49598122
368,S8-2,NA,NA,NA,2.0625,NA,12.25,NA,NA,0.0625,NA,NA,NA,NA,NA,NA,S,H,27.37465021,0.86,87.49598122
369,S9-1,NA,NA,NA,4.875,NA,4.0625,NA,NA,NA,NA,NA,NA,NA,NA,NA,S,L,31.83098862,1,85.08997493
370,S9-2,NA,NA,NA,7.6875,NA,6.8125,NA,NA,NA,NA,NA,NA,NA,NA,NA,S,H,31.83098862,1,85.08997493
371,T1-1,NA,NA,NA,68.75,NA,NA,NA,NA,NA,NA,NA,NA,NA,NA,NA,T,L,16.2338042,0.51,94.59825936
372,T1-2,NA,NA,NA,88.125,NA,1.875,NA,NA,0.3125,NA,NA,NA,NA,NA,NA,T,H,16.2338042,0.51,94.59825936
373,T10-1,NA,NA,NA,2.3125,NA,2.125,NA,NA,NA,NA,NA,NA,NA,NA,NA,T,L,12.41408556,0.39,83.50892903
374,T10-2,NA,NA,NA,6.0625,NA,NA,NA,NA,NA,NA,NA,NA,NA,NA,NA,T,H,12.41408556,0.39,83.50892903
375,T2-1,NA,NA,NA,37.8125,NA,1.4375,NA,NA,NA,NA,NA,NA,NA,0.3125,NA,T,L,22.60000192,0.71,95.06999417
376,T2-2,NA,NA,0.375,24.75,NA,0.875,NA,NA,0.625,NA,NA,NA,NA,NA,NA,T,H,22.60000192,0.71,95.06999417
377,T3-1,12.9375,NA,21.5,6.625,NA,NA,NA,NA,NA,NA,NA,NA,NA,16.0625,NA,T,L,76.71268257,2.41,90.14677561
378,T3-2,36.9375,NA,2.25,5.6875,NA,NA,NA,NA,NA,NA,NA,NA,NA,NA,NA,T,H,76.71268257,2.41,90.14677561
379,T4-1,NA,NA,NA,11.5625,NA,0.0625,NA,NA,NA,NA,14.1875,NA,NA,25.375,NA,T,L,24.82817112,0.78,81.98650763
380,T4-2,NA,NA,NA,7.8125,NA,8.75,NA,NA,NA,NA,NA,NA,NA,9.125,NA,T,H,24.82817112,0.78,81.98650763
381,T5-1,NA,NA,NA,0.3125,NA,50,NA,NA,NA,NA,NA,NA,NA,NA,NA,T,L,21.00845249,0.66,87.90545974
382,T5-2,NA,NA,NA,NA,NA,76.5625,NA,NA,NA,NA,NA,NA,NA,NA,NA,T,H,21.00845249,0.66,87.90545974
383,T6-1,NA,NA,30.375,51.875,NA,NA,NA,NA,1.5625,NA,NA,NA,NA,NA,NA,T,L,20.05352283,0.63,91.60985805
384,T6-2,NA,NA,17.5,71.875,NA,NA,NA,NA,NA,NA,NA,NA,NA,NA,NA,T,H,20.05352283,0.63,91.60985805
385,T7-1,NA,NA,NA,22.25,NA,3.375,NA,NA,NA,NA,NA,NA,3.125,0.0625,NA,T,L,13.68732511,0.43,67.32622218
386,T7-2,NA,NA,NA,NA,NA,26.625,NA,NA,NA,NA,NA,NA,NA,NA,NA,T,H,13.68732511,0.43,67.32622218
387,T8-1,NA,NA,NA,0.6875,NA,8.5,1.3125,NA,NA,NA,NA,0.3125,NA,NA,NA,T,L,16.87042397,0.53,88.13976925
388,T8-2,NA,NA,NA,1.9375,NA,4.6875,NA,NA,NA,NA,NA,NA,NA,NA,NA,T,H,16.87042397,0.53,88.13976925
389,T9-1,NA,NA,38.75,0.8125,NA,0.1875,NA,NA,0.6875,NA,NA,NA,NA,NA,NA,T,L,17.50704374,0.55,86.23383758
390,T9-2,NA,NA,7.8125,7.5,NA,0.375,NA,NA,1.3125,NA,NA,NA,NA,NA,NA,T,H,17.50704374,0.55,86.23383758
